MONTH,WEEK,HUMIDITY,MOSQUITO,SPECIES,MOSQUITO1,MOSQUITO2,MOSQUITO3,MOSQUITO4,MAX TEMP,AVG TEMP,MIN TEMP,DEW POINT,PRECIPITATION,RAINY DAYS ,WIND,AGE CATEGORY,MALE,FEMALE,LOCATION
January,1,78.9,Pv,imported,TRUE,FALSE,FALSE,FALSE,84.19,77.32,70.94,69.86,41.7,3,5.49,3,3,2,Chengalpattu
January,2,78.9,Pv,indigenious,FALSE,TRUE,FALSE,FALSE,84.19,77.32,70.94,69.86,41.7,3,5.49,3,2,0,Tambaram
January,3,78.9,Pf,indigenious,FALSE,FALSE,FALSE,TRUE,84.19,77.32,70.94,69.86,41.7,3,5.49,3,0,0,Villupuram
January,4,78.9,Pf,imported,FALSE,FALSE,TRUE,FALSE,84.19,77.32,70.94,69.86,41.7,3,5.49,5,3,3,Nagercoil
February,1,76.3,Pv,imported,TRUE,FALSE,FALSE,FALSE,86.82,79.36,71.86,70.66,0,0,5.72,5,1,0,Krishnagiri
February,2,76.3,Pv,indigenious,FALSE,TRUE,FALSE,FALSE,86.82,79.36,71.86,70.66,0,0,5.72,5,1,1,Erode
February,3,76.3,Pf,indigenious,FALSE,FALSE,FALSE,TRUE,86.82,79.36,71.86,70.66,0,0,5.72,3,2,0,Tirupur
February,4,76.3,Pv,indigenious,FALSE,TRUE,FALSE,FALSE,86.82,79.36,71.86,70.66,0,0,5.72,3,1,0,Hosur
March,1,73.9,Pv,indigenious,FALSE,TRUE,FALSE,FALSE,93.26,84.19,75.87,74.09,1.3,0,7.06,3,0,0,Salem
March,2,73.9,Pf,imported,FALSE,FALSE,TRUE,FALSE,93.26,84.19,75.87,74.09,1.3,0,7.06,5,0,0,Cuddalore
March,3,73.9,Pf,indigenious,FALSE,FALSE,FALSE,TRUE,93.26,84.19,75.87,74.09,1.3,0,7.06,5,2,1,Tuticorin
March,4,73.9,Pf,imported,FALSE,FALSE,TRUE,FALSE,93.26,84.19,75.87,74.09,1.3,0,7.06,5,0,0,Karur
April,1,73,Pv,indigenious,FALSE,TRUE,FALSE,FALSE,95.36,88.28,79.64,78.24,1.1,0,9.71,1,0,0,Dindigul
April,2,73,Pf,imported,FALSE,FALSE,TRUE,FALSE,95.36,88.28,79.64,78.24,1.1,0,9.71,4,2,1,Tiruvannamalai
April,3,73,Pv,imported,TRUE,FALSE,FALSE,FALSE,95.36,88.28,79.64,78.24,1.1,0,9.71,5,0,0,Ramanathapuram
April,4,73,Pv,imported,TRUE,FALSE,FALSE,FALSE,95.36,88.28,79.64,78.24,1.1,0,9.71,2,0,0,Chengalpattu
May,1,71.8,Pf,indigenious,FALSE,FALSE,FALSE,TRUE,98.19,88.97,81.74,78.08,100.2,2,9.56,1,0,0,Tambaram
May,2,71.8,Pv,indigenious,FALSE,TRUE,FALSE,FALSE,98.19,88.97,81.74,78.08,100.2,2,9.56,3,0,0,Villupuram
May,3,71.8,Pv,imported,TRUE,FALSE,FALSE,FALSE,98.19,88.97,81.74,78.08,100.2,2,9.56,5,5,1,Nagercoil
May,4,71.8,Pf,imported,FALSE,FALSE,TRUE,FALSE,98.19,88.97,81.74,78.08,100.2,2,9.56,5,0,0,Krishnagiri
June,1,73.1,Pv,imported,TRUE,FALSE,FALSE,FALSE,94.8,86.76,80.37,76.58,72.7,2,8.65,3,0,0,Erode
June,2,73.1,Pv,indigenious,FALSE,TRUE,FALSE,FALSE,94.8,86.76,80.37,76.58,72.7,2,8.65,5,0,0,Tirupur
June,3,73.1,Pv,imported,TRUE,FALSE,FALSE,FALSE,94.8,86.76,80.37,76.58,72.7,2,8.65,1,0,0,Hosur
June,4,73.1,Pf,indigenious,FALSE,FALSE,FALSE,TRUE,94.8,86.76,80.37,76.58,72.7,2,8.65,5,3,0,Salem
July,1,74.3,Pf,indigenious,FALSE,FALSE,FALSE,TRUE,91.35,84.75,78.55,75.06,232.4,10,7.68,1,1,1,Cuddalore
July,2,74.3,Pv,imported,TRUE,FALSE,FALSE,FALSE,91.35,84.75,78.55,75.06,232.4,10,7.68,5,2,1,Tuticorin
July,3,74.3,Pf,imported,FALSE,FALSE,TRUE,FALSE,91.35,84.75,78.55,75.06,232.4,10,7.68,3,6,1,Karur
July,4,74.3,Pv,imported,TRUE,FALSE,FALSE,FALSE,91.35,84.75,78.55,75.06,232.4,10,7.68,5,8,1,Dindigul
August,1,78,Pv,imported,TRUE,FALSE,FALSE,FALSE,91.13,84.33,78.71,76.28,649.8,19,6.84,1,1,0,Tiruvannamalai
August,2,78,Pf,imported,FALSE,FALSE,TRUE,FALSE,91.13,84.33,78.71,76.28,649.8,19,6.84,5,2,2,Ramanathapuram
August,3,78,Pv,imported,TRUE,FALSE,FALSE,FALSE,91.13,84.33,78.71,76.28,649.8,19,6.84,5,4,0,Chengalpattu
August,4,78,Pf,imported,FALSE,FALSE,TRUE,FALSE,91.13,84.33,78.71,76.28,649.8,19,6.84,5,4,2,Tambaram
September,1,79,Pf,indigenious,FALSE,FALSE,FALSE,TRUE,90.2,84.09,78,76.51,411.7,11,6.38,5,5,5,Villupuram
September,2,79,Pv,imported,TRUE,FALSE,FALSE,FALSE,90.2,84.09,78,76.51,411.7,11,6.38,2,4,0,Nagercoil
September,3,79,Pf,indigenious,FALSE,FALSE,FALSE,TRUE,90.2,84.09,78,76.51,411.7,11,6.38,5,8,2,Krishnagiri
September,4,79,Pv,imported,TRUE,FALSE,FALSE,FALSE,90.2,84.09,78,76.51,411.7,11,6.38,5,4,3,Erode
October,1,81.2,Pf,imported,FALSE,FALSE,TRUE,FALSE,90.06,83.47,77.68,76.66,581.84,20,5.87,2,0,0,Tirupur
October,2,81.2,Pv,imported,TRUE,FALSE,FALSE,FALSE,90.06,83.47,77.68,76.66,581.84,20,5.87,2,9,1,Hosur
October,3,81.2,Pf,indigenious,FALSE,FALSE,FALSE,TRUE,90.06,83.47,77.68,76.66,581.84,20,5.87,5,9,1,Salem
October,4,81.2,Pv,imported,TRUE,FALSE,FALSE,FALSE,90.06,83.47,77.68,76.66,581.84,20,5.87,5,1,1,Cuddalore
November,1,88.7,Pf,indigenious,FALSE,FALSE,FALSE,TRUE,85.83,79.96,74.93,76.05,988.57,17,5.28,3,2,0,Tuticorin
November,2,88.7,Pf,imported,FALSE,FALSE,TRUE,FALSE,85.83,79.96,74.93,76.05,988.57,17,5.28,5,3,2,Karur
November,3,88.7,Pv,imported,TRUE,FALSE,FALSE,FALSE,85.83,79.96,74.93,76.05,988.57,17,5.28,4,9,1,Dindigul
November,4,88.7,Pv,indigenious,FALSE,TRUE,FALSE,FALSE,85.83,79.96,74.93,76.05,988.57,17,5.28,5,4,2,Tiruvannamalai
December,1,88,Pf,indigenious,FALSE,FALSE,FALSE,TRUE,82.26,76.62,71.74,72.46,437.9,13,5.16,5,7,2,Ramanathapuram
December,2,88,Pv,indigenious,FALSE,TRUE,FALSE,FALSE,82.26,76.62,71.74,72.46,437.9,13,5.16,4,3,1,Chengalpattu
December,3,88,Pv,indigenious,FALSE,TRUE,FALSE,FALSE,82.26,76.62,71.74,72.46,437.9,13,5.16,2,0,0,Tambaram
December,4,88,Pv,imported,TRUE,FALSE,FALSE,FALSE,82.26,76.62,71.74,72.46,437.9,13,5.16,2,5,1,Villupuram
January,1,79.9,Pv,indigenious,FALSE,TRUE,FALSE,FALSE,84.13,76.86,69.52,69.68,41.2,2,5.98,5,4,1,Nagercoil
January,2,79.9,Pv,imported,TRUE,FALSE,FALSE,FALSE,84.13,76.86,69.52,69.68,41.2,2,5.98,3,4,1,Krishnagiri
January,3,79.9,Pf,indigenious,FALSE,FALSE,FALSE,TRUE,84.13,76.86,69.52,69.68,41.2,2,5.98,5,1,0,Erode
January,4,79.9,Pf,indigenious,FALSE,FALSE,FALSE,TRUE,84.13,76.86,69.52,69.68,41.2,2,5.98,3,3,1,Tirupur
February,1,78.4,Pv,imported,TRUE,FALSE,FALSE,FALSE,86.29,78.3,70.07,70.34,79.15,2,6.13,5,3,2,Hosur
February,2,78.4,Pf,imported,FALSE,FALSE,TRUE,FALSE,86.29,78.3,70.07,70.34,79.15,2,6.13,5,4,2,Salem
February,3,78.4,Pf,indigenious,FALSE,FALSE,FALSE,TRUE,86.29,78.3,70.07,70.34,79.15,2,6.13,5,3,0,Cuddalore
February,4,78.4,Pv,indigenious,FALSE,TRUE,FALSE,FALSE,86.29,78.3,70.07,70.34,79.15,2,6.13,2,0,0,Tuticorin
March,1,76.3,Pf,imported,FALSE,FALSE,TRUE,FALSE,90.84,81.96,72.9,72.63,1.79,0,6.44,3,0,0,Karur
March,2,76.3,Pv,imported,TRUE,FALSE,FALSE,FALSE,90.84,81.96,72.9,72.63,1.79,0,6.44,2,1,0,Dindigul
March,3,76.3,Pf,indigenious,FALSE,FALSE,FALSE,TRUE,90.84,81.96,72.9,72.63,1.79,0,6.44,3,0,0,Tiruvannamalai
March,4,76.3,Pf,imported,FALSE,FALSE,TRUE,FALSE,90.84,81.96,72.9,72.63,1.79,0,6.44,1,2,1,Ramanathapuram
April,1,78.5,Pv,indigenious,FALSE,TRUE,FALSE,FALSE,92.53,85.26,78.47,77.39,95.02,5,7.63,4,2,1,Chengalpattu
April,2,78.5,Pv,indigenious,FALSE,TRUE,FALSE,FALSE,92.53,85.26,78.47,77.39,95.02,5,7.63,1,0,0,Tambaram
April,3,78.5,Pf,imported,FALSE,FALSE,TRUE,FALSE,92.53,85.26,78.47,77.39,95.02,5,7.63,2,0,0,Villupuram
April,4,78.5,Pv,imported,TRUE,FALSE,FALSE,FALSE,92.53,85.26,78.47,77.39,95.02,5,7.63,2,0,0,Nagercoil
May,1,69.4,Pf,imported,FALSE,FALSE,TRUE,FALSE,100.65,89.32,81.58,77.06,20.6,2,9.58,2,0,0,Krishnagiri
May,2,69.4,Pf,indigenious,FALSE,FALSE,FALSE,TRUE,100.65,89.32,81.58,77.06,20.6,2,9.58,5,3,0,Erode
May,3,69.4,Pf,indigenious,FALSE,FALSE,FALSE,TRUE,100.65,89.32,81.58,77.06,20.6,2,9.58,4,0,0,Tirupur
May,4,69.4,Pv,imported,TRUE,FALSE,FALSE,FALSE,100.65,89.32,81.58,77.06,20.6,2,9.58,2,0,0,Hosur
June,1,57.6,Pf,imported,FALSE,FALSE,TRUE,FALSE,99.03,89.74,82.03,72,97.88,6,10.09,3,0,0,Salem
June,2,57.6,Pv,indigenious,FALSE,TRUE,FALSE,FALSE,99.03,89.74,82.03,72,97.88,6,10.09,1,2,0,Cuddalore
June,3,57.6,Pf,imported,FALSE,FALSE,TRUE,FALSE,99.03,89.74,82.03,72,97.88,6,10.09,3,0,0,Tuticorin
June,4,57.6,Pv,indigenious,FALSE,TRUE,FALSE,FALSE,99.03,89.74,82.03,72,97.88,6,10.09,2,2,0,Karur
July,1,65.8,Pv,indigenious,FALSE,TRUE,FALSE,FALSE,94.29,86.54,79.94,73.11,331.46,9,8.87,5,6,1,Dindigul
July,2,65.8,Pf,indigenious,FALSE,FALSE,FALSE,TRUE,94.29,86.54,79.94,73.11,331.46,9,8.87,5,5,1,Tiruvannamalai
July,3,65.8,Pv,indigenious,FALSE,TRUE,FALSE,FALSE,94.29,86.54,79.94,73.11,331.46,9,8.87,3,5,0,Ramanathapuram
July,4,65.8,Pv,indigenious,FALSE,TRUE,FALSE,FALSE,94.29,86.54,79.94,73.11,331.46,9,8.87,3,3,2,Chengalpattu
August,1,71.8,Pv,imported,TRUE,FALSE,FALSE,FALSE,92.52,85.23,78.48,74.6,329.97,14,8,5,6,2,Tambaram
August,2,71.8,Pv,indigenious,FALSE,TRUE,FALSE,FALSE,92.52,85.23,78.48,74.6,329.97,14,8,5,9,1,Villupuram
August,3,71.8,Pv,imported,TRUE,FALSE,FALSE,FALSE,92.52,85.23,78.48,74.6,329.97,14,8,3,2,1,Nagercoil
August,4,71.8,Pv,imported,TRUE,FALSE,FALSE,FALSE,92.52,85.23,78.48,74.6,329.97,14,8,4,5,2,Krishnagiri
September,1,73.6,Pv,indigenious,FALSE,TRUE,FALSE,FALSE,93.03,84.95,78.2,75,312.5,13,7.6,1,2,0,Erode
September,2,73.6,Pf,imported,FALSE,FALSE,TRUE,FALSE,93.03,84.95,78.2,75,312.5,13,7.6,1,7,2,Tirupur
September,3,73.6,Pv,imported,TRUE,FALSE,FALSE,FALSE,93.03,84.95,78.2,75,312.5,13,7.6,1,8,2,Hosur
September,4,73.6,Pv,imported,TRUE,FALSE,FALSE,FALSE,93.03,84.95,78.2,75,312.5,13,7.6,3,5,4,Salem
October,1,81.4,Pv,indigenious,FALSE,TRUE,FALSE,FALSE,89.48,82.69,76.81,75.93,428.5,18,4.43,3,3,3,Cuddalore
October,2,81.4,Pv,imported,TRUE,FALSE,FALSE,FALSE,89.48,82.69,76.81,75.93,428.5,18,4.43,3,7,1,Tuticorin
October,3,81.4,Pf,imported,FALSE,FALSE,TRUE,FALSE,89.48,82.69,76.81,75.93,428.5,18,4.43,1,1,0,Karur
October,4,81.4,Pv,indigenious,FALSE,TRUE,FALSE,FALSE,89.48,82.69,76.81,75.93,428.5,18,4.43,3,4,1,Dindigul
November,1,82.3,Pv,indigenious,FALSE,TRUE,FALSE,FALSE,85.77,79.14,73.6,72.7,725.4,14,4.94,2,1,0,Tiruvannamalai
November,2,82.3,Pv,imported,TRUE,FALSE,FALSE,FALSE,85.77,79.14,73.6,72.7,725.4,14,4.94,5,5,2,Ramanathapuram
November,3,82.3,Pv,imported,TRUE,FALSE,FALSE,FALSE,85.77,79.14,73.6,72.7,725.4,14,4.94,5,7,1,Chengalpattu
November,4,82.3,Pv,indigenious,FALSE,TRUE,FALSE,FALSE,85.77,79.14,73.6,72.7,725.4,14,4.94,4,9,1,Tambaram
December,1,78.5,Pv,imported,TRUE,FALSE,FALSE,FALSE,84.1,77.38,71.29,69.75,231.4,5,5.47,2,5,2,Villupuram
December,2,78.5,Pf,indigenious,FALSE,FALSE,FALSE,TRUE,84.1,77.38,71.29,69.75,231.4,5,5.47,5,5,1,Nagercoil
December,3,78.5,Pv,imported,TRUE,FALSE,FALSE,FALSE,84.1,77.38,71.29,69.75,231.4,5,5.47,5,4,0,Krishnagiri
December,4,78.5,Pv,indigenious,FALSE,TRUE,FALSE,FALSE,84.1,77.38,71.29,69.75,231.4,5,5.47,5,4,0,Erode
January,1,76.6,Pv,indigenious,FALSE,TRUE,FALSE,FALSE,84.81,76.88,69.97,68.38,12.56,0,5.07,5,9,0,Tirupur
January,2,76.6,Pf,imported,FALSE,FALSE,TRUE,FALSE,84.81,76.88,69.97,68.38,12.56,0,5.07,5,2,1,Hosur
January,3,76.6,Pv,imported,TRUE,FALSE,FALSE,FALSE,84.81,76.88,69.97,68.38,12.56,0,5.07,4,5,1,Salem
January,4,76.6,Pf,indigenious,FALSE,FALSE,FALSE,TRUE,84.81,76.88,69.97,68.38,12.56,0,5.07,5,5,2,Cuddalore
February,1,73.1,Pf,imported,FALSE,FALSE,TRUE,FALSE,88.03,78.97,70.79,68.75,0.1,0,4.69,3,1,0,Tuticorin
February,2,73.1,Pf,indigenious,FALSE,FALSE,FALSE,TRUE,88.03,78.97,70.79,68.75,0.1,0,4.69,5,2,0,Karur
February,3,73.1,Pf,imported,FALSE,FALSE,TRUE,FALSE,88.03,78.97,70.79,68.75,0.1,0,4.69,5,5,1,Dindigul
February,4,73.1,Pv,imported,TRUE,FALSE,FALSE,FALSE,88.03,78.97,70.79,68.75,0.1,0,4.69,2,0,0,Tiruvannamalai
March,1,72.4,Pv,indigenious,FALSE,TRUE,FALSE,FALSE,93.26,84.26,76.48,73.55,9.2,0,7.13,2,0,0,Ramanathapuram
March,2,72.4,Pf,indigenious,FALSE,FALSE,FALSE,TRUE,93.26,84.26,76.48,73.55,9.2,0,7.13,5,2,0,Chengalpattu
March,3,72.4,Pf,indigenious,FALSE,FALSE,FALSE,TRUE,93.26,84.26,76.48,73.55,9.2,0,7.13,4,3,1,Tambaram
March,4,72.4,Pf,indigenious,FALSE,FALSE,FALSE,TRUE,93.26,84.26,76.48,73.55,9.2,0,7.13,4,1,0,Villupuram
April,1,70.4,Pv,indigenious,FALSE,TRUE,FALSE,FALSE,96.13,87.1,77.8,75.78,90.8,6,7.97,4,0,0,Nagercoil
April,2,70.4,Pv,imported,TRUE,FALSE,FALSE,FALSE,96.13,87.1,77.8,75.78,90.8,6,7.97,3,0,0,Krishnagiri
April,3,70.4,Pf,indigenious,FALSE,FALSE,FALSE,TRUE,96.13,87.1,77.8,75.78,90.8,6,7.97,3,0,0,Erode
April,4,70.4,Pv,indigenious,FALSE,TRUE,FALSE,FALSE,96.13,87.1,77.8,75.78,90.8,6,7.97,5,0,0,Tirupur
May,1,58.9,Pv,indigenious,FALSE,TRUE,FALSE,FALSE,102.77,91.62,84.23,74.04,20.6,1,9.35,3,0,0,Hosur
May,2,58.9,Pv,indigenious,FALSE,TRUE,FALSE,FALSE,102.77,91.62,84.23,74.04,20.6,1,9.35,3,0,0,Salem
May,3,58.9,Pv,indigenious,FALSE,TRUE,FALSE,FALSE,102.77,91.62,84.23,74.04,20.6,1,9.35,4,3,3,Cuddalore
May,4,58.9,Pf,indigenious,FALSE,FALSE,FALSE,TRUE,102.77,91.62,84.23,74.04,20.6,1,9.35,1,1,1,Tuticorin
June,1,53.9,Pv,indigenious,FALSE,TRUE,FALSE,FALSE,100.93,90.54,83.2,70.25,49.16,2,10.45,4,3,0,Karur
June,2,53.9,Pv,imported,TRUE,FALSE,FALSE,FALSE,100.93,90.54,83.2,70.25,49.16,2,10.45,1,3,0,Dindigul
June,3,53.9,Pv,indigenious,FALSE,TRUE,FALSE,FALSE,100.93,90.54,83.2,70.25,49.16,2,10.45,5,0,0,Tiruvannamalai
June,4,53.9,Pf,indigenious,FALSE,FALSE,FALSE,TRUE,100.93,90.54,83.2,70.25,49.16,2,10.45,3,0,0,Ramanathapuram
July,1,63.1,Pf,imported,FALSE,FALSE,TRUE,FALSE,95.23,87.06,74.87,72.28,133.8,6,8.32,4,6,1,Chengalpattu
July,2,63.1,Pv,imported,TRUE,FALSE,FALSE,FALSE,95.23,87.06,74.87,72.28,133.8,6,8.32,1,4,1,Tambaram
July,3,63.1,Pv,indigenious,FALSE,TRUE,FALSE,FALSE,95.23,87.06,74.87,72.28,133.8,6,8.32,2,2,1,Villupuram
July,4,63.1,Pf,indigenious,FALSE,FALSE,FALSE,TRUE,95.23,87.06,74.87,72.28,133.8,6,8.32,5,9,1,Nagercoil
August,1,67.6,Pv,indigenious,FALSE,TRUE,FALSE,FALSE,93.97,85.4,79.13,72.7,190.35,7,8.82,5,2,2,Krishnagiri
August,2,67.6,Pf,imported,FALSE,FALSE,TRUE,FALSE,93.97,85.4,79.13,72.7,190.35,7,8.82,5,1,0,Erode
August,3,67.6,Pv,indigenious,FALSE,TRUE,FALSE,FALSE,93.97,85.4,79.13,72.7,190.35,7,8.82,5,4,0,Tirupur
August,4,67.6,Pf,imported,FALSE,FALSE,TRUE,FALSE,93.97,85.4,79.13,72.7,190.35,7,8.82,5,8,2,Hosur
September,1,73.3,Pf,indigenious,FALSE,FALSE,FALSE,TRUE,92.5,84.78,78.07,74.77,282.5,13,6.49,1,1,0,Salem
September,2,73.3,Pv,indigenious,FALSE,TRUE,FALSE,FALSE,92.5,84.78,78.07,74.77,282.5,13,6.49,3,2,1,Cuddalore
September,3,73.3,Pv,indigenious,FALSE,TRUE,FALSE,FALSE,92.5,84.78,78.07,74.77,282.5,13,6.49,5,5,5,Tuticorin
September,4,73.3,Pf,indigenious,FALSE,FALSE,FALSE,TRUE,92.5,84.78,78.07,74.77,282.5,13,6.49,1,4,3,Karur
October,1,78.7,Pf,imported,FALSE,FALSE,TRUE,FALSE,89.58,82.38,76.87,74.47,457.4,18,6.33,1,5,3,Dindigul
October,2,78.7,Pf,indigenious,FALSE,FALSE,FALSE,TRUE,89.58,82.38,76.87,74.47,457.4,18,6.33,5,8,2,Tiruvannamalai
October,3,78.7,Pv,indigenious,FALSE,TRUE,FALSE,FALSE,89.58,82.38,76.87,74.47,457.4,18,6.33,5,0,0,Ramanathapuram
October,4,78.7,Pf,imported,FALSE,FALSE,TRUE,FALSE,89.58,82.38,76.87,74.47,457.4,18,6.33,3,6,0,Chengalpattu
November,1,75.4,Pv,indigenious,FALSE,TRUE,FALSE,FALSE,87.63,80.17,73.13,71.02,143.9,3,5.15,5,2,0,Tambaram
November,2,75.4,Pv,indigenious,FALSE,TRUE,FALSE,FALSE,87.63,80.17,73.13,71.02,143.9,3,5.15,5,0,0,Villupuram
November,3,75.4,Pf,indigenious,FALSE,FALSE,FALSE,TRUE,87.63,80.17,73.13,71.02,143.9,3,5.15,5,7,3,Nagercoil
November,4,75.4,Pf,imported,FALSE,FALSE,TRUE,FALSE,87.63,80.17,73.13,71.02,143.9,3,5.15,1,2,2,Krishnagiri
December,1,78.1,Pf,imported,FALSE,FALSE,TRUE,FALSE,85.23,78.64,73.06,70.91,255,5,5.79,3,9,1,Erode
December,2,78.1,Pf,imported,FALSE,FALSE,TRUE,FALSE,85.23,78.64,73.06,70.91,255,5,5.79,2,8,1,Tirupur
December,3,78.1,Pf,indigenious,FALSE,FALSE,FALSE,TRUE,85.23,78.64,73.06,70.91,255,5,5.79,4,7,1,Hosur
December,4,78.1,Pv,imported,TRUE,FALSE,FALSE,FALSE,85.23,78.64,73.06,70.91,255,5,5.79,3,5,4,Salem
January,1,75.9,Pf,imported,FALSE,FALSE,TRUE,FALSE,85.68,77.3,70.35,68.59,2,0,4.25,3,1,0,Cuddalore
January,2,75.9,Pf,imported,FALSE,FALSE,TRUE,FALSE,85.68,77.3,70.35,68.59,2,0,4.25,3,1,1,Tuticorin
January,3,75.9,Pv,imported,TRUE,FALSE,FALSE,FALSE,85.68,77.3,70.35,68.59,2,0,4.25,5,4,0,Karur
January,4,75.9,Pv,imported,TRUE,FALSE,FALSE,FALSE,85.68,77.3,70.35,68.59,2,0,4.25,1,1,0,Dindigul
February,1,74.4,Pv,imported,TRUE,FALSE,FALSE,FALSE,87.29,79.08,71.68,69.6,70.9,3,6.1,2,0,0,Tiruvannamalai
February,2,74.4,Pf,imported,FALSE,FALSE,TRUE,FALSE,87.29,79.08,71.68,69.6,70.9,3,6.1,4,1,0,Ramanathapuram
February,3,74.4,Pv,indigenious,FALSE,TRUE,FALSE,FALSE,87.29,79.08,71.68,69.6,70.9,3,6.1,1,3,1,Chengalpattu
February,4,74.4,Pf,imported,FALSE,FALSE,TRUE,FALSE,87.29,79.08,71.68,69.6,70.9,3,6.1,1,2,0,Tambaram
March,1,71.8,Pf,indigenious,FALSE,FALSE,FALSE,TRUE,91.16,82.73,74.45,71.84,16.6,0,6.92,1,1,0,Villupuram
March,2,71.8,Pv,indigenious,FALSE,TRUE,FALSE,FALSE,91.16,82.73,74.45,71.84,16.6,0,6.92,3,0,0,Nagercoil
March,3,71.8,Pv,imported,TRUE,FALSE,FALSE,FALSE,91.16,82.73,74.45,71.84,16.6,0,6.92,3,2,1,Krishnagiri
March,4,71.8,Pf,indigenious,FALSE,FALSE,FALSE,TRUE,91.16,82.73,74.45,71.84,16.6,0,6.92,5,0,0,Erode
April,1,69.5,Pv,indigenious,FALSE,TRUE,FALSE,FALSE,95.97,87.14,80.17,75.36,21.2,3,9,3,1,0,Tirupur
April,2,69.5,Pv,indigenious,FALSE,TRUE,FALSE,FALSE,95.97,87.14,80.17,75.36,21.2,3,9,3,0,0,Hosur
April,3,69.5,Pv,indigenious,FALSE,TRUE,FALSE,FALSE,95.97,87.14,80.17,75.36,21.2,3,9,3,2,1,Salem
April,4,69.5,Pf,indigenious,FALSE,FALSE,FALSE,TRUE,95.97,87.14,80.17,75.36,21.2,3,9,5,2,1,Cuddalore
May,1,62.5,Pf,imported,FALSE,FALSE,TRUE,FALSE,99.58,89.29,82.03,73.94,76.8,5,9.19,5,0,0,Tuticorin
May,2,62.5,Pv,indigenious,FALSE,TRUE,FALSE,FALSE,99.58,89.29,82.03,73.94,76.8,5,9.19,4,3,1,Karur
May,3,62.5,Pf,imported,FALSE,FALSE,TRUE,FALSE,99.58,89.29,82.03,73.94,76.8,5,9.19,5,2,1,Dindigul
May,4,62.5,Pv,indigenious,FALSE,TRUE,FALSE,FALSE,99.58,89.29,82.03,73.94,76.8,5,9.19,5,4,1,Tiruvannamalai
June,1,58.2,Pf,imported,FALSE,FALSE,TRUE,FALSE,96.4,87.91,81.23,70.68,165,7,9.35,2,0,0,Ramanathapuram
June,2,58.2,Pv,imported,TRUE,FALSE,FALSE,FALSE,96.4,87.91,81.23,70.68,165,7,9.35,3,0,0,Chengalpattu
June,3,58.2,Pv,indigenious,FALSE,TRUE,FALSE,FALSE,96.4,87.91,81.23,70.68,165,7,9.35,3,0,0,Tambaram
June,4,58.2,Pv,imported,TRUE,FALSE,FALSE,FALSE,96.4,87.91,81.23,70.68,165,7,9.35,5,1,0,Villupuram
July,1,67.2,Pf,indigenious,FALSE,FALSE,FALSE,TRUE,92.23,84.77,78.48,72.09,160.2,7,7.65,5,4,4,Nagercoil
July,2,67.2,Pv,imported,TRUE,FALSE,FALSE,FALSE,92.23,84.77,78.48,72.09,160.2,7,7.65,2,9,0,Krishnagiri
July,3,67.2,Pf,imported,FALSE,FALSE,TRUE,FALSE,92.23,84.77,78.48,72.09,160.2,7,7.65,2,5,0,Erode
July,4,67.2,Pv,imported,TRUE,FALSE,FALSE,FALSE,92.23,84.77,78.48,72.09,160.2,7,7.65,5,7,1,Tirupur
August,1,70.9,Pf,imported,FALSE,FALSE,TRUE,FALSE,91.97,84.45,77.84,73.37,218.73,7,7.57,1,3,1,Hosur
August,2,70.9,Pf,indigenious,FALSE,FALSE,FALSE,TRUE,91.97,84.45,77.84,73.37,218.73,7,7.57,5,8,2,Salem
August,3,70.9,Pv,indigenious,FALSE,TRUE,FALSE,FALSE,91.97,84.45,77.84,73.37,218.73,7,7.57,5,5,0,Cuddalore
August,4,70.9,Pv,indigenious,FALSE,TRUE,FALSE,FALSE,91.97,84.45,77.84,73.37,218.73,7,7.57,3,5,0,Tuticorin
September,1,74,Pv,imported,TRUE,FALSE,FALSE,FALSE,91.67,84.3,78.07,74.56,349,18,6.26,5,1,0,Karur
September,2,74,Pv,imported,TRUE,FALSE,FALSE,FALSE,91.67,84.3,78.07,74.56,349,18,6.26,5,7,3,Dindigul
September,3,74,Pv,indigenious,FALSE,TRUE,FALSE,FALSE,91.67,84.3,78.07,74.56,349,18,6.26,1,5,4,Tiruvannamalai
September,4,74,Pv,indigenious,FALSE,TRUE,FALSE,FALSE,91.67,84.3,78.07,74.56,349,18,6.26,4,2,0,Ramanathapuram
October,1,75.6,Pv,indigenious,FALSE,TRUE,FALSE,FALSE,89.84,83.06,77.06,73.99,337.2,11,6.14,3,10,0,Chengalpattu
October,2,75.6,Pf,imported,FALSE,FALSE,TRUE,FALSE,89.84,83.06,77.06,73.99,337.2,11,6.14,3,4,4,Tambaram
October,3,75.6,Pv,imported,TRUE,FALSE,FALSE,FALSE,89.84,83.06,77.06,73.99,337.2,11,6.14,5,5,5,Villupuram
October,4,75.6,Pf,indigenious,FALSE,FALSE,FALSE,TRUE,89.84,83.06,77.06,73.99,337.2,11,6.14,3,4,1,Nagercoil
November,1,78.5,Pv,imported,TRUE,FALSE,FALSE,FALSE,86.1,79.51,73.7,71.81,186.4,5,5.69,3,6,0,Krishnagiri
November,2,78.5,Pf,indigenious,FALSE,FALSE,FALSE,TRUE,86.1,79.51,73.7,71.81,186.4,5,5.69,5,3,0,Erode
November,3,78.5,Pf,indigenious,FALSE,FALSE,FALSE,TRUE,86.1,79.51,73.7,71.81,186.4,5,5.69,2,7,2,Tirupur
November,4,78.5,Pf,imported,FALSE,FALSE,TRUE,FALSE,86.1,79.51,73.7,71.81,186.4,5,5.69,4,0,0,Hosur
December,1,72.5,Pv,indigenious,FALSE,TRUE,FALSE,FALSE,83.9,76.73,69.87,66.65,130.7,4,6.01,3,7,0,Salem
December,2,72.5,Pf,imported,FALSE,FALSE,TRUE,FALSE,83.9,76.73,69.87,66.65,130.7,4,6.01,5,6,4,Cuddalore
December,3,72.5,Pv,indigenious,FALSE,TRUE,FALSE,FALSE,83.9,76.73,69.87,66.65,130.7,4,6.01,5,8,2,Tuticorin
December,4,72.5,Pv,indigenious,FALSE,TRUE,FALSE,FALSE,83.9,76.73,69.87,66.65,130.7,4,6.01,5,1,1,Karur
January,1,71.5,Pf,imported,FALSE,FALSE,TRUE,FALSE,84.58,77.2,70.35,66.81,8.61,0,6.29,5,5,1,Dindigul
January,2,71.5,Pf,indigenious,FALSE,FALSE,FALSE,TRUE,84.58,77.2,70.35,66.81,8.61,0,6.29,1,2,1,Tiruvannamalai
January,3,71.5,Pf,imported,FALSE,FALSE,TRUE,FALSE,84.58,77.2,70.35,66.81,8.61,0,6.29,1,3,0,Ramanathapuram
January,4,71.5,Pf,indigenious,FALSE,FALSE,FALSE,TRUE,84.58,77.2,70.35,66.81,8.61,0,6.29,5,5,2,Chengalpattu
February,1,68.6,Pv,imported,TRUE,FALSE,FALSE,FALSE,86.61,78.1,69.75,66.03,18.8,0,6.62,5,3,0,Tambaram
February,2,68.6,Pv,indigenious,FALSE,TRUE,FALSE,FALSE,86.61,78.1,69.75,66.03,18.8,0,6.62,1,1,1,Villupuram
February,3,68.6,Pv,imported,TRUE,FALSE,FALSE,FALSE,86.61,78.1,69.75,66.03,18.8,0,6.62,1,0,0,Nagercoil
February,4,68.6,Pf,indigenious,FALSE,FALSE,FALSE,TRUE,86.61,78.1,69.75,66.03,18.8,0,6.62,5,5,1,Krishnagiri
March,1,65.6,Pf,indigenious,FALSE,FALSE,FALSE,TRUE,91.94,82.52,71.52,68.67,1.51,0,7.32,5,0,0,Erode
March,2,65.6,Pv,imported,TRUE,FALSE,FALSE,FALSE,91.94,82.52,71.52,68.67,1.51,0,7.32,2,0,0,Tirupur
March,3,65.6,Pv,indigenious,FALSE,TRUE,FALSE,FALSE,91.94,82.52,71.52,68.67,1.51,0,7.32,2,0,0,Hosur
March,4,65.6,Pv,indigenious,FALSE,TRUE,FALSE,FALSE,91.94,82.52,71.52,68.67,1.51,0,7.32,1,0,0,Salem
April,1,67.8,Pf,imported,FALSE,FALSE,TRUE,FALSE,96.07,86.74,79.67,74,0,0,7.99,3,0,0,Cuddalore
April,2,67.8,Pv,imported,TRUE,FALSE,FALSE,FALSE,96.07,86.74,79.67,74,0,0,7.99,3,0,0,Tuticorin
April,3,67.8,Pv,imported,TRUE,FALSE,FALSE,FALSE,96.07,86.74,79.67,74,0,0,7.99,2,0,0,Karur
April,4,67.8,Pv,imported,TRUE,FALSE,FALSE,FALSE,96.07,86.74,79.67,74,0,0,7.99,3,0,0,Dindigul
May,1,64.5,Pv,indigenious,FALSE,TRUE,FALSE,FALSE,99.1,88.98,81.68,74.6,51.8,2,8.51,2,0,0,Tiruvannamalai
May,2,64.5,Pv,indigenious,FALSE,TRUE,FALSE,FALSE,99.1,88.98,81.68,74.6,51.8,2,8.51,3,0,0,Ramanathapuram
May,3,64.5,Pf,imported,FALSE,FALSE,TRUE,FALSE,99.1,88.98,81.68,74.6,51.8,2,8.51,5,1,1,Chengalpattu
May,4,64.5,Pf,imported,FALSE,FALSE,TRUE,FALSE,99.1,88.98,81.68,74.6,51.8,2,8.51,1,0,0,Tambaram
June,1,61.1,Pv,imported,TRUE,FALSE,FALSE,FALSE,99.5,90.1,82.3,74.04,63.8,2,8.99,1,0,0,Villupuram
June,2,61.1,Pv,imported,TRUE,FALSE,FALSE,FALSE,99.5,90.1,82.3,74.04,63.8,2,8.99,1,3,0,Nagercoil
June,3,61.1,Pv,imported,TRUE,FALSE,FALSE,FALSE,99.5,90.1,82.3,74.04,63.8,2,8.99,1,0,0,Krishnagiri
June,4,61.1,Pv,imported,TRUE,FALSE,FALSE,FALSE,99.5,90.1,82.3,74.04,63.8,2,8.99,5,0,0,Erode
July,1,63,Pv,indigenious,FALSE,TRUE,FALSE,FALSE,95.77,87.82,81.1,73.13,46.1,2,9.49,5,2,2,Tirupur
July,2,63,Pv,indigenious,FALSE,TRUE,FALSE,FALSE,95.77,87.82,81.1,73.13,46.1,2,9.49,5,6,3,Hosur
July,3,63,Pf,indigenious,FALSE,FALSE,FALSE,TRUE,95.77,87.82,81.1,73.13,46.1,2,9.49,3,7,1,Salem
July,4,63,Pf,imported,FALSE,FALSE,TRUE,FALSE,95.77,87.82,81.1,73.13,46.1,2,9.49,4,2,1,Cuddalore
August,1,68.7,Pf,imported,FALSE,FALSE,TRUE,FALSE,93.68,85.66,78.84,73.51,129.08,2,8.33,5,3,2,Tuticorin
August,2,68.7,Pf,indigenious,FALSE,FALSE,FALSE,TRUE,93.68,85.66,78.84,73.51,129.08,2,8.33,1,6,0,Karur
August,3,68.7,Pf,imported,FALSE,FALSE,TRUE,FALSE,93.68,85.66,78.84,73.51,129.08,2,8.33,4,5,3,Dindigul
August,4,68.7,Pf,imported,FALSE,FALSE,TRUE,FALSE,93.68,85.66,78.84,73.51,129.08,2,8.33,5,6,3,Tiruvannamalai
September,1,74.9,Pv,imported,TRUE,FALSE,FALSE,FALSE,91.55,84.12,77.69,74.77,278.91,12,7.07,5,4,1,Ramanathapuram
September,2,74.9,Pf,imported,FALSE,FALSE,TRUE,FALSE,91.55,84.12,77.69,74.77,278.91,12,7.07,4,10,0,Chengalpattu
September,3,74.9,Pf,indigenious,FALSE,FALSE,FALSE,TRUE,91.55,84.12,77.69,74.77,278.91,12,7.07,4,5,4,Tambaram
September,4,74.9,Pv,imported,TRUE,FALSE,FALSE,FALSE,91.55,84.12,77.69,74.77,278.91,12,7.07,4,4,4,Villupuram
October,1,81.8,Pf,indigenious,FALSE,FALSE,FALSE,TRUE,89.81,82.8,75.03,76.26,300.8,11,4.85,4,8,2,Nagercoil
October,2,81.8,Pv,imported,TRUE,FALSE,FALSE,FALSE,89.81,82.8,75.03,76.26,300.8,11,4.85,5,4,0,Krishnagiri
October,3,81.8,Pf,imported,FALSE,FALSE,TRUE,FALSE,89.81,82.8,75.03,76.26,300.8,11,4.85,2,0,0,Erode
October,4,81.8,Pv,imported,TRUE,FALSE,FALSE,FALSE,89.81,82.8,75.03,76.26,300.8,11,4.85,4,6,3,Tirupur
November,1,80.7,Pf,imported,FALSE,FALSE,TRUE,FALSE,86.23,79.65,74.2,72.76,171.4,4,4.98,4,1,0,Hosur
November,2,80.7,Pv,indigenious,FALSE,TRUE,FALSE,FALSE,86.23,79.65,74.2,72.76,171.4,4,4.98,2,3,1,Salem
November,3,80.7,Pv,indigenious,FALSE,TRUE,FALSE,FALSE,86.23,79.65,74.2,72.76,171.4,4,4.98,4,0,0,Cuddalore
November,4,80.7,Pf,indigenious,FALSE,FALSE,FALSE,TRUE,86.23,79.65,74.2,72.76,171.4,4,4.98,4,4,1,Tuticorin
December,1,81.3,Pf,indigenious,FALSE,FALSE,FALSE,TRUE,84.13,78.21,72.87,71.63,58.63,6,5.74,5,3,2,Karur
December,2,81.3,Pv,indigenious,FALSE,TRUE,FALSE,FALSE,84.13,78.21,72.87,71.63,58.63,6,5.74,2,4,3,Dindigul
December,3,81.3,Pf,imported,FALSE,FALSE,TRUE,FALSE,84.13,78.21,72.87,71.63,58.63,6,5.74,5,5,0,Tiruvannamalai
December,4,81.3,Pv,imported,TRUE,FALSE,FALSE,FALSE,84.13,78.21,72.87,71.63,58.63,6,5.74,1,1,1,Ramanathapuram
January,1,77.1,Pv,indigenious,FALSE,TRUE,FALSE,FALSE,84.97,77.28,70.1,69.07,23.96,0,5.25,5,2,0,Chengalpattu
January,2,77.1,Pv,indigenious,FALSE,TRUE,FALSE,FALSE,84.97,77.28,70.1,69.07,23.96,0,5.25,5,8,0,Tambaram
January,3,77.1,Pf,indigenious,FALSE,FALSE,FALSE,TRUE,84.97,77.28,70.1,69.07,23.96,0,5.25,5,3,0,Villupuram
January,4,77.1,Pf,imported,FALSE,FALSE,TRUE,FALSE,84.97,77.28,70.1,69.07,23.96,0,5.25,3,1,0,Nagercoil
February,1,72.3,Pv,imported,TRUE,FALSE,FALSE,FALSE,88.18,79.19,71.14,68.8,3.77,0,6.26,5,4,1,Krishnagiri
February,2,72.3,Pv,imported,TRUE,FALSE,FALSE,FALSE,88.18,79.19,71.14,68.8,3.77,0,6.26,3,4,0,Erode
February,3,72.3,Pv,imported,TRUE,FALSE,FALSE,FALSE,88.18,79.19,71.14,68.8,3.77,0,6.26,2,0,0,Tirupur
February,4,72.3,Pv,indigenious,FALSE,TRUE,FALSE,FALSE,88.18,79.19,71.14,68.8,3.77,0,6.26,5,2,1,Hosur
March,1,72.2,Pv,indigenious,FALSE,TRUE,FALSE,FALSE,91.71,83.91,75.94,73.27,19.16,1,7.04,5,1,0,Salem
March,2,72.2,Pf,indigenious,FALSE,FALSE,FALSE,TRUE,91.71,83.91,75.94,73.27,19.16,1,7.04,5,2,1,Cuddalore
March,3,72.2,Pf,indigenious,FALSE,FALSE,FALSE,TRUE,91.71,83.91,75.94,73.27,19.16,1,7.04,1,0,0,Tuticorin
March,4,72.2,Pf,indigenious,FALSE,FALSE,FALSE,TRUE,91.71,83.91,75.94,73.27,19.16,1,7.04,3,0,0,Karur
April,1,73.1,Pv,imported,TRUE,FALSE,FALSE,FALSE,94.47,86.45,79.6,76.41,18.14,1,8.27,5,2,0,Dindigul
April,2,73.1,Pv,imported,TRUE,FALSE,FALSE,FALSE,94.47,86.45,79.6,76.41,18.14,1,8.27,1,3,0,Tiruvannamalai
April,3,73.1,Pv,indigenious,FALSE,TRUE,FALSE,FALSE,94.47,86.45,79.6,76.41,18.14,1,8.27,5,0,0,Ramanathapuram
April,4,73.1,Pv,indigenious,FALSE,TRUE,FALSE,FALSE,94.47,86.45,79.6,76.41,18.14,1,8.27,5,1,0,Chengalpattu
May,1,70.4,Pv,imported,TRUE,FALSE,FALSE,FALSE,97.97,89.16,82.65,77.76,96.14,3,8.47,3,0,0,Tambaram
May,2,70.4,Pv,indigenious,FALSE,TRUE,FALSE,FALSE,97.97,89.16,82.65,77.76,96.14,3,8.47,1,0,0,Villupuram
May,3,70.4,Pv,imported,TRUE,FALSE,FALSE,FALSE,97.97,89.16,82.65,77.76,96.14,3,8.47,1,0,0,Nagercoil
May,4,70.4,Pv,imported,TRUE,FALSE,FALSE,FALSE,97.97,89.16,82.65,77.76,96.14,3,8.47,5,1,0,Krishnagiri
June,1,64,Pv,indigenious,FALSE,TRUE,FALSE,FALSE,97.73,88.97,81.6,74.51,104.92,6,9.33,1,0,0,Erode
June,2,64,Pf,imported,FALSE,FALSE,TRUE,FALSE,97.73,88.97,81.6,74.51,104.92,6,9.33,5,1,0,Tirupur
June,3,64,Pv,imported,TRUE,FALSE,FALSE,FALSE,97.73,88.97,81.6,74.51,104.92,6,9.33,5,2,0,Hosur
June,4,64,Pv,imported,TRUE,FALSE,FALSE,FALSE,97.73,88.97,81.6,74.51,104.92,6,9.33,5,0,0,Salem
July,1,64.3,Pf,indigenious,FALSE,FALSE,FALSE,TRUE,99.13,88.67,81.61,74.05,109.78,5,9.41,5,6,4,Cuddalore
July,2,64.3,Pf,imported,FALSE,FALSE,TRUE,FALSE,99.13,88.67,81.61,74.05,109.78,5,9.41,3,3,1,Tuticorin
July,3,64.3,Pv,indigenious,FALSE,TRUE,FALSE,FALSE,99.13,88.67,81.61,74.05,109.78,5,9.41,3,4,3,Karur
July,4,64.3,Pf,indigenious,FALSE,FALSE,FALSE,TRUE,99.13,88.67,81.61,74.05,109.78,5,9.41,1,4,0,Dindigul
August,1,71.9,Pf,imported,FALSE,FALSE,TRUE,FALSE,94.9,86.55,79.52,75.9,254.6,5,6.48,5,5,4,Tiruvannamalai
August,2,71.9,Pv,indigenious,FALSE,TRUE,FALSE,FALSE,94.9,86.55,79.52,75.9,254.6,5,6.48,4,3,1,Ramanathapuram
August,3,71.9,Pf,imported,FALSE,FALSE,TRUE,FALSE,94.9,86.55,79.52,75.9,254.6,5,6.48,4,4,2,Chengalpattu
August,4,71.9,Pf,imported,FALSE,FALSE,TRUE,FALSE,94.9,86.55,79.52,75.9,254.6,5,6.48,3,2,2,Tambaram
September,1,73,Pv,imported,TRUE,FALSE,FALSE,FALSE,94.67,86.69,80.37,76.63,192.06,11,7.19,1,3,1,Villupuram
September,2,73,Pf,indigenious,FALSE,FALSE,FALSE,TRUE,94.67,86.69,80.37,76.63,192.06,11,7.19,3,3,2,Nagercoil
September,3,73,Pf,indigenious,FALSE,FALSE,FALSE,TRUE,94.67,86.69,80.37,76.63,192.06,11,7.19,1,2,1,Krishnagiri
September,4,73,Pv,indigenious,FALSE,TRUE,FALSE,FALSE,94.67,86.69,80.37,76.63,192.06,11,7.19,5,6,1,Erode
October,1,79.9,Pf,imported,FALSE,FALSE,TRUE,FALSE,91.94,83.73,77,76.46,210.18,8,5.02,2,4,3,Tirupur
October,2,79.9,Pf,imported,FALSE,FALSE,TRUE,FALSE,91.94,83.73,77,76.46,210.18,8,5.02,5,6,3,Hosur
October,3,79.9,Pf,indigenious,FALSE,FALSE,FALSE,TRUE,91.94,83.73,77,76.46,210.18,8,5.02,3,4,2,Salem
October,4,79.9,Pv,imported,TRUE,FALSE,FALSE,FALSE,91.94,83.73,77,76.46,210.18,8,5.02,5,5,0,Cuddalore
November,1,88.9,Pv,indigenious,FALSE,TRUE,FALSE,FALSE,85.8,80.12,76,76.31,1040.05,20,5.43,1,2,1,Tuticorin
November,2,88.9,Pv,imported,TRUE,FALSE,FALSE,FALSE,85.8,80.12,76,76.31,1040.05,20,5.43,5,7,1,Karur
November,3,88.9,Pv,imported,TRUE,FALSE,FALSE,FALSE,85.8,80.12,76,76.31,1040.05,20,5.43,2,2,0,Dindigul
November,4,88.9,Pf,indigenious,FALSE,FALSE,FALSE,TRUE,85.8,80.12,76,76.31,1040.05,20,5.43,1,5,5,Tiruvannamalai
December,1,80,Pv,indigenious,FALSE,TRUE,FALSE,FALSE,87.23,79.73,73.26,72.62,285.72,6,4.43,1,6,0,Ramanathapuram
December,2,80,Pv,indigenious,FALSE,TRUE,FALSE,FALSE,87.23,79.73,73.26,72.62,285.72,6,4.43,3,2,0,Chengalpattu
December,3,80,Pv,indigenious,FALSE,TRUE,FALSE,FALSE,87.23,79.73,73.26,72.62,285.72,6,4.43,3,4,1,Tambaram
December,4,80,Pf,imported,FALSE,FALSE,TRUE,FALSE,87.23,79.73,73.26,72.62,285.72,6,4.43,5,1,1,Villupuram
January,1,69.9,Pf,imported,FALSE,FALSE,TRUE,FALSE,88.1,79.18,71.58,68.01,16.9,1,4.18,3,5,0,Nagercoil
January,2,69.9,Pv,imported,TRUE,FALSE,FALSE,FALSE,88.1,79.18,71.58,68.01,16.9,1,4.18,2,1,0,Krishnagiri
January,3,69.9,Pf,imported,FALSE,FALSE,TRUE,FALSE,88.1,79.18,71.58,68.01,16.9,1,4.18,5,3,0,Erode
January,4,69.9,Pv,indigenious,FALSE,TRUE,FALSE,FALSE,88.1,79.18,71.58,68.01,16.9,1,4.18,3,1,0,Tirupur
February,1,71.9,Pf,imported,FALSE,FALSE,TRUE,FALSE,89.93,81.41,73.55,70.9,1.1,0,5.01,2,0,0,Hosur
February,2,71.9,Pf,indigenious,FALSE,FALSE,FALSE,TRUE,89.93,81.41,73.55,70.9,1.1,0,5.01,5,2,1,Salem
February,3,71.9,Pv,imported,TRUE,FALSE,FALSE,FALSE,89.93,81.41,73.55,70.9,1.1,0,5.01,5,3,0,Cuddalore
February,4,71.9,Pv,indigenious,FALSE,TRUE,FALSE,FALSE,89.93,81.41,73.55,70.9,1.1,0,5.01,5,2,1,Tuticorin
March,1,70.2,Pv,indigenious,FALSE,TRUE,FALSE,FALSE,93.45,85.26,77.58,74,0.4,0,5.75,2,0,0,Karur
March,2,70.2,Pv,indigenious,FALSE,TRUE,FALSE,FALSE,93.45,85.26,77.58,74,0.4,0,5.75,5,2,1,Dindigul
March,3,70.2,Pf,imported,FALSE,FALSE,TRUE,FALSE,93.45,85.26,77.58,74,0.4,0,5.75,3,0,0,Tiruvannamalai
March,4,70.2,Pv,imported,TRUE,FALSE,FALSE,FALSE,93.45,85.26,77.58,74,0.4,0,5.75,5,0,0,Ramanathapuram
April,1,70.6,Pv,indigenious,FALSE,TRUE,FALSE,FALSE,97.37,88.74,82.23,77.53,0.2,0,8.13,5,2,0,Chengalpattu
April,2,70.6,Pf,imported,FALSE,FALSE,TRUE,FALSE,97.37,88.74,82.23,77.53,0.2,0,8.13,3,0,0,Tambaram
April,3,70.6,Pf,imported,FALSE,FALSE,TRUE,FALSE,97.37,88.74,82.23,77.53,0.2,0,8.13,2,0,0,Villupuram
April,4,70.6,Pv,indigenious,FALSE,TRUE,FALSE,FALSE,97.37,88.74,82.23,77.53,0.2,0,8.13,5,0,0,Nagercoil
May,1,67.2,Pf,indigenious,FALSE,FALSE,FALSE,TRUE,98,89.62,83.03,76.56,333.8,4,7.76,5,0,0,Krishnagiri
May,2,67.2,Pf,indigenious,FALSE,FALSE,FALSE,TRUE,98,89.62,83.03,76.56,333.8,4,7.76,2,0,0,Erode
May,3,67.2,Pv,imported,TRUE,FALSE,FALSE,FALSE,98,89.62,83.03,76.56,333.8,4,7.76,3,0,0,Tirupur
May,4,67.2,Pf,indigenious,FALSE,FALSE,FALSE,TRUE,98,89.62,83.03,76.56,333.8,4,7.76,3,0,0,Hosur
June,1,68,Pv,indigenious,FALSE,TRUE,FALSE,FALSE,95.1,87.13,77.97,74.73,240.06,13,7.15,5,1,0,Salem
June,2,68,Pf,indigenious,FALSE,FALSE,FALSE,TRUE,95.1,87.13,77.97,74.73,240.06,13,7.15,5,2,0,Cuddalore
June,3,68,Pv,imported,TRUE,FALSE,FALSE,FALSE,95.1,87.13,77.97,74.73,240.06,13,7.15,5,0,0,Tuticorin
June,4,68,Pf,imported,FALSE,FALSE,TRUE,FALSE,95.1,87.13,77.97,74.73,240.06,13,7.15,2,0,0,Karur
July,1,66.9,Pf,imported,FALSE,FALSE,TRUE,FALSE,94.26,86.72,77.26,73.89,71.56,8,7.3,5,5,5,Dindigul
July,2,66.9,Pv,imported,TRUE,FALSE,FALSE,FALSE,94.26,86.72,77.26,73.89,71.56,8,7.3,2,1,0,Tiruvannamalai
July,3,66.9,Pv,imported,TRUE,FALSE,FALSE,FALSE,94.26,86.72,77.26,73.89,71.56,8,7.3,3,1,0,Ramanathapuram
July,4,66.9,Pf,indigenious,FALSE,FALSE,FALSE,TRUE,94.26,86.72,77.26,73.89,71.56,8,7.3,4,4,1,Chengalpattu
August,1,64.3,Pv,imported,TRUE,FALSE,FALSE,FALSE,96.52,87.62,80.52,73.34,157.45,8,7.6,5,4,2,Tambaram
August,2,64.3,Pv,imported,TRUE,FALSE,FALSE,FALSE,96.52,87.62,80.52,73.34,157.45,8,7.6,3,5,2,Villupuram
August,3,64.3,Pf,imported,FALSE,FALSE,TRUE,FALSE,96.52,87.62,80.52,73.34,157.45,8,7.6,2,0,0,Nagercoil
August,4,64.3,Pf,imported,FALSE,FALSE,TRUE,FALSE,96.52,87.62,80.52,73.34,157.45,8,7.6,4,4,3,Krishnagiri
September,1,72.9,Pf,indigenious,FALSE,FALSE,FALSE,TRUE,93.3,85.17,76.1,74.96,334.86,11,5.97,5,5,0,Erode
September,2,72.9,Pv,indigenious,FALSE,TRUE,FALSE,FALSE,93.3,85.17,76.1,74.96,334.86,11,5.97,3,5,0,Tirupur
September,3,72.9,Pv,imported,TRUE,FALSE,FALSE,FALSE,93.3,85.17,76.1,74.96,334.86,11,5.97,3,6,4,Hosur
September,4,72.9,Pv,indigenious,FALSE,TRUE,FALSE,FALSE,93.3,85.17,76.1,74.96,334.86,11,5.97,5,1,0,Salem
October,1,68.3,Pv,indigenious,FALSE,TRUE,FALSE,FALSE,93.68,84.8,77.71,72.34,112.6,3,4.57,5,3,0,Cuddalore
October,2,68.3,Pf,imported,FALSE,FALSE,TRUE,FALSE,93.68,84.8,77.71,72.34,112.6,3,4.57,2,5,5,Tuticorin
October,3,68.3,Pf,imported,FALSE,FALSE,TRUE,FALSE,93.68,84.8,77.71,72.34,112.6,3,4.57,2,0,0,Karur
October,4,68.3,Pf,indigenious,FALSE,FALSE,FALSE,TRUE,93.68,84.8,77.71,72.34,112.6,3,4.57,1,1,0,Dindigul
November,1,73.2,Pf,indigenious,FALSE,FALSE,FALSE,TRUE,88.63,80.24,72.67,70.18,40.27,0,4.34,1,4,1,Tiruvannamalai
November,2,73.2,Pf,indigenious,FALSE,FALSE,FALSE,TRUE,88.63,80.24,72.67,70.18,40.27,0,4.34,5,6,4,Ramanathapuram
November,3,73.2,Pf,imported,FALSE,FALSE,TRUE,FALSE,88.63,80.24,72.67,70.18,40.27,0,4.34,3,5,0,Chengalpattu
November,4,73.2,Pv,indigenious,FALSE,TRUE,FALSE,FALSE,88.63,80.24,72.67,70.18,40.27,0,4.34,1,1,0,Tambaram
December,1,76.5,Pf,imported,FALSE,FALSE,TRUE,FALSE,85.23,77.55,70.87,69.08,305.28,3,5.7,3,5,4,Villupuram
December,2,76.5,Pf,imported,FALSE,FALSE,TRUE,FALSE,85.23,77.55,70.87,69.08,305.28,3,5.7,3,3,1,Nagercoil
December,3,76.5,Pf,indigenious,FALSE,FALSE,FALSE,TRUE,85.23,77.55,70.87,69.08,305.28,3,5.7,3,7,3,Krishnagiri
December,4,76.5,Pv,indigenious,FALSE,TRUE,FALSE,FALSE,85.23,77.55,70.87,69.08,305.28,3,5.7,3,6,1,Erode
January,1,72.6,Pv,imported,TRUE,FALSE,FALSE,FALSE,85.68,77.82,70.68,67.83,27.23,2,4.67,3,1,0,Tirupur
January,2,72.6,Pf,imported,FALSE,FALSE,TRUE,FALSE,85.68,77.82,70.68,67.83,27.23,2,4.67,5,1,0,Hosur
January,3,72.6,Pf,indigenious,FALSE,FALSE,FALSE,TRUE,85.68,77.82,70.68,67.83,27.23,2,4.67,3,0,0,Salem
January,4,72.6,Pv,indigenious,FALSE,TRUE,FALSE,FALSE,85.68,77.82,70.68,67.83,27.23,2,4.67,2,0,0,Cuddalore
February,1,68.7,Pf,indigenious,FALSE,FALSE,FALSE,TRUE,88.68,79.31,70.86,67.34,1.6,0,4.11,4,2,0,Tuticorin
February,2,68.7,Pf,imported,FALSE,FALSE,TRUE,FALSE,88.68,79.31,70.86,67.34,1.6,0,4.11,5,5,3,Karur
February,3,68.7,Pf,imported,FALSE,FALSE,TRUE,FALSE,88.68,79.31,70.86,67.34,1.6,0,4.11,2,1,1,Dindigul
February,4,68.7,Pf,imported,FALSE,FALSE,TRUE,FALSE,88.68,79.31,70.86,67.34,1.6,0,4.11,2,1,0,Tiruvannamalai
March,1,72.3,Pf,imported,FALSE,FALSE,TRUE,FALSE,92.87,84.9,78.32,74.62,33.8,2,6.29,1,0,0,Ramanathapuram
March,2,72.3,Pf,indigenious,FALSE,FALSE,FALSE,TRUE,92.87,84.9,78.32,74.62,33.8,2,6.29,5,0,0,Chengalpattu
March,3,72.3,Pf,imported,FALSE,FALSE,TRUE,FALSE,92.87,84.9,78.32,74.62,33.8,2,6.29,5,0,0,Tambaram
March,4,72.3,Pv,indigenious,FALSE,TRUE,FALSE,FALSE,92.87,84.9,78.32,74.62,33.8,2,6.29,5,0,0,Villupuram
April,1,70.6,Pv,imported,TRUE,FALSE,FALSE,FALSE,99.03,89.18,82.7,77.91,0.5,0,7.35,2,0,0,Nagercoil
April,2,70.6,Pf,indigenious,FALSE,FALSE,FALSE,TRUE,99.03,89.18,82.7,77.91,0.5,0,7.35,5,1,1,Krishnagiri
April,3,70.6,Pv,imported,TRUE,FALSE,FALSE,FALSE,99.03,89.18,82.7,77.91,0.5,0,7.35,4,0,0,Erode
April,4,70.6,Pv,imported,TRUE,FALSE,FALSE,FALSE,99.03,89.18,82.7,77.91,0.5,0,7.35,3,0,0,Tirupur
May,1,61.4,Pv,imported,TRUE,FALSE,FALSE,FALSE,102.23,91.72,84.65,75.78,19.1,1,7.65,5,1,0,Hosur
May,2,61.4,Pv,indigenious,FALSE,TRUE,FALSE,FALSE,102.23,91.72,84.65,75.78,19.1,1,7.65,5,3,0,Salem
May,3,61.4,Pf,imported,FALSE,FALSE,TRUE,FALSE,102.23,91.72,84.65,75.78,19.1,1,7.65,3,0,0,Cuddalore
May,4,61.4,Pf,indigenious,FALSE,FALSE,FALSE,TRUE,102.23,91.72,84.65,75.78,19.1,1,7.65,1,0,0,Tuticorin
June,1,60.9,Pf,imported,FALSE,FALSE,TRUE,FALSE,99.7,90.24,80.77,74.16,139.3,15,9.26,1,0,0,Karur
June,2,60.9,Pv,imported,TRUE,FALSE,FALSE,FALSE,99.7,90.24,80.77,74.16,139.3,15,9.26,5,6,0,Dindigul
June,3,60.9,Pv,indigenious,FALSE,TRUE,FALSE,FALSE,99.7,90.24,80.77,74.16,139.3,15,9.26,5,1,0,Tiruvannamalai
June,4,60.9,Pv,imported,TRUE,FALSE,FALSE,FALSE,99.7,90.24,80.77,74.16,139.3,15,9.26,5,0,0,Ramanathapuram
July,1,64.8,Pv,indigenious,FALSE,TRUE,FALSE,FALSE,96.68,88,67.9,74.22,88.2,2,8.26,4,9,1,Chengalpattu
July,2,64.8,Pf,indigenious,FALSE,FALSE,FALSE,TRUE,96.68,88,67.9,74.22,88.2,2,8.26,4,2,0,Tambaram
July,3,64.8,Pv,indigenious,FALSE,TRUE,FALSE,FALSE,96.68,88,67.9,74.22,88.2,2,8.26,4,3,0,Villupuram
July,4,64.8,Pv,indigenious,FALSE,TRUE,FALSE,FALSE,96.68,88,67.9,74.22,88.2,2,8.26,5,2,1,Nagercoil
August,1,75.7,Pv,indigenious,FALSE,TRUE,FALSE,FALSE,94.06,85.49,76.52,76.52,234.2,10,7.39,1,1,1,Krishnagiri
August,2,75.7,Pf,indigenious,FALSE,FALSE,FALSE,TRUE,94.06,85.49,76.52,76.52,234.2,10,7.39,2,1,0,Erode
August,3,75.7,Pf,indigenious,FALSE,FALSE,FALSE,TRUE,94.06,85.49,76.52,76.52,234.2,10,7.39,3,4,1,Tirupur
August,4,75.7,Pv,imported,TRUE,FALSE,FALSE,FALSE,94.06,85.49,76.52,76.52,234.2,10,7.39,3,5,1,Hosur
September,1,77.3,Pf,indigenious,FALSE,FALSE,FALSE,TRUE,92.4,85.6,79.7,77.49,222.6,9,6.27,5,9,0,Salem
September,2,77.3,Pv,indigenious,FALSE,TRUE,FALSE,FALSE,92.4,85.6,79.7,77.49,222.6,9,6.27,4,6,0,Cuddalore
September,3,77.3,Pf,indigenious,FALSE,FALSE,FALSE,TRUE,92.4,85.6,79.7,77.49,222.6,9,6.27,2,10,0,Tuticorin
September,4,77.3,Pf,imported,FALSE,FALSE,TRUE,FALSE,92.4,85.6,79.7,77.49,222.6,9,6.27,5,1,0,Karur
October,1,81.3,Pf,imported,FALSE,FALSE,TRUE,FALSE,91.13,84.05,76.19,77.49,388.49,13,5.7,1,2,0,Dindigul
October,2,81.3,Pf,indigenious,FALSE,FALSE,FALSE,TRUE,91.13,84.05,76.19,77.49,388.49,13,5.7,2,7,2,Tiruvannamalai
October,3,81.3,Pv,imported,TRUE,FALSE,FALSE,FALSE,91.13,84.05,76.19,77.49,388.49,13,5.7,4,8,1,Ramanathapuram
October,4,81.3,Pf,imported,FALSE,FALSE,TRUE,FALSE,91.13,84.05,76.19,77.49,388.49,13,5.7,4,4,2,Chengalpattu
November,1,85.5,Pf,indigenious,FALSE,FALSE,FALSE,TRUE,86.17,80.87,76.6,75.77,720.5,12,5.79,5,7,2,Tambaram
November,2,85.5,Pv,indigenious,FALSE,TRUE,FALSE,FALSE,86.17,80.87,76.6,75.77,720.5,12,5.79,5,1,0,Villupuram
November,3,85.5,Pf,indigenious,FALSE,FALSE,FALSE,TRUE,86.17,80.87,76.6,75.77,720.5,12,5.79,5,10,0,Nagercoil
November,4,85.5,Pv,indigenious,FALSE,TRUE,FALSE,FALSE,86.17,80.87,76.6,75.77,720.5,12,5.79,2,1,0,Krishnagiri
December,1,76,Pf,imported,FALSE,FALSE,TRUE,FALSE,86.94,79.8,71.1,71.23,42.2,2,5.9,2,7,1,Erode
December,2,76,Pf,indigenious,FALSE,FALSE,FALSE,TRUE,86.94,79.8,71.1,71.23,42.2,2,5.9,2,3,1,Tirupur
December,3,76,Pv,indigenious,FALSE,TRUE,FALSE,FALSE,86.94,79.8,71.1,71.23,42.2,2,5.9,2,10,0,Hosur
December,4,76,Pv,imported,TRUE,FALSE,FALSE,FALSE,86.94,79.8,71.1,71.23,42.2,2,5.9,1,4,1,Salem
January,1,72.7,Pv,indigenious,FALSE,TRUE,FALSE,FALSE,86.23,77.84,70.87,67.55,14.6,1,5.2,5,1,0,Cuddalore
January,2,72.7,Pf,indigenious,FALSE,FALSE,FALSE,TRUE,86.23,77.84,70.87,67.55,14.6,1,5.2,1,3,0,Tuticorin
January,3,72.7,Pf,indigenious,FALSE,FALSE,FALSE,TRUE,86.23,77.84,70.87,67.55,14.6,1,5.2,1,1,0,Karur
January,4,72.7,Pv,indigenious,FALSE,TRUE,FALSE,FALSE,86.23,77.84,70.87,67.55,14.6,1,5.2,5,8,1,Dindigul
February,1,71.7,Pv,indigenious,FALSE,TRUE,FALSE,FALSE,88.75,80.16,72.18,69.51,4.1,0,5.95,3,0,0,Tiruvannamalai
February,2,71.7,Pf,imported,FALSE,FALSE,TRUE,FALSE,88.75,80.16,72.18,69.51,4.1,0,5.95,4,2,2,Ramanathapuram
February,3,71.7,Pf,imported,FALSE,FALSE,TRUE,FALSE,88.75,80.16,72.18,69.51,4.1,0,5.95,5,2,2,Chengalpattu
February,4,71.7,Pf,imported,FALSE,FALSE,TRUE,FALSE,88.75,80.16,72.18,69.51,4.1,0,5.95,5,3,0,Tambaram
March,1,72.5,Pv,imported,TRUE,FALSE,FALSE,FALSE,93.42,84.24,76.19,73.59,4.5,0,6.8,3,0,0,Villupuram
March,2,72.5,Pv,indigenious,FALSE,TRUE,FALSE,FALSE,93.42,84.24,76.19,73.59,4.5,0,6.8,3,2,1,Nagercoil
March,3,72.5,Pf,imported,FALSE,FALSE,TRUE,FALSE,93.42,84.24,76.19,73.59,4.5,0,6.8,3,0,0,Krishnagiri
March,4,72.5,Pf,indigenious,FALSE,FALSE,FALSE,TRUE,93.42,84.24,76.19,73.59,4.5,0,6.8,3,1,1,Erode
April,1,71.2,Pv,imported,TRUE,FALSE,FALSE,FALSE,96.4,88.77,82.57,77.93,3.2,0,8.76,5,0,0,Tirupur
April,2,71.2,Pv,imported,TRUE,FALSE,FALSE,FALSE,96.4,88.77,82.57,77.93,3.2,0,8.76,5,0,0,Hosur
April,3,71.2,Pv,indigenious,FALSE,TRUE,FALSE,FALSE,96.4,88.77,82.57,77.93,3.2,0,8.76,5,2,1,Salem
April,4,71.2,Pv,imported,TRUE,FALSE,FALSE,FALSE,96.4,88.77,82.57,77.93,3.2,0,8.76,4,0,0,Cuddalore
May,1,67.7,Pv,imported,TRUE,FALSE,FALSE,FALSE,99.35,90.87,84.84,78.27,26.5,2,9.53,5,0,0,Tuticorin
May,2,67.7,Pv,imported,TRUE,FALSE,FALSE,FALSE,99.35,90.87,84.84,78.27,26.5,2,9.53,5,2,2,Karur
May,3,67.7,Pf,indigenious,FALSE,FALSE,FALSE,TRUE,99.35,90.87,84.84,78.27,26.5,2,9.53,5,0,0,Dindigul
May,4,67.7,Pv,imported,TRUE,FALSE,FALSE,FALSE,99.35,90.87,84.84,78.27,26.5,2,9.53,5,3,2,Tiruvannamalai
June,1,59.9,Pf,indigenious,FALSE,FALSE,FALSE,TRUE,100,90.59,80.8,74.14,103.8,5,9.54,1,1,0,Ramanathapuram
June,2,59.9,Pf,imported,FALSE,FALSE,TRUE,FALSE,100,90.59,80.8,74.14,103.8,5,9.54,4,3,1,Chengalpattu
June,3,59.9,Pf,imported,FALSE,FALSE,TRUE,FALSE,100,90.59,80.8,74.14,103.8,5,9.54,4,0,0,Tambaram
June,4,59.9,Pv,indigenious,FALSE,TRUE,FALSE,FALSE,100,90.59,80.8,74.14,103.8,5,9.54,5,3,0,Villupuram
July,1,60.3,Pf,imported,FALSE,FALSE,TRUE,FALSE,97.39,89.38,77.48,73.43,43.4,2,9.89,2,2,2,Nagercoil
July,2,60.3,Pv,imported,TRUE,FALSE,FALSE,FALSE,97.39,89.38,77.48,73.43,43.4,2,9.89,3,5,0,Krishnagiri
July,3,60.3,Pf,indigenious,FALSE,FALSE,FALSE,TRUE,97.39,89.38,77.48,73.43,43.4,2,9.89,3,4,0,Erode
July,4,60.3,Pv,indigenious,FALSE,TRUE,FALSE,FALSE,97.39,89.38,77.48,73.43,43.4,2,9.89,4,3,2,Tirupur
August,1,68.4,Pf,indigenious,FALSE,FALSE,FALSE,TRUE,95.61,86.88,80.52,74.58,94,4,8.04,3,1,0,Hosur
August,2,68.4,Pv,indigenious,FALSE,TRUE,FALSE,FALSE,95.61,86.88,80.52,74.58,94,4,8.04,5,8,2,Salem
August,3,68.4,Pv,indigenious,FALSE,TRUE,FALSE,FALSE,95.61,86.88,80.52,74.58,94,4,8.04,2,4,1,Cuddalore
August,4,68.4,Pv,imported,TRUE,FALSE,FALSE,FALSE,95.61,86.88,80.52,74.58,94,4,8.04,3,5,1,Tuticorin
September,1,71.4,Pv,imported,TRUE,FALSE,FALSE,FALSE,93.6,85.94,79.7,75.12,139.15,7,8.02,2,4,4,Karur
September,2,71.4,Pv,indigenious,FALSE,TRUE,FALSE,FALSE,93.6,85.94,79.7,75.12,139.15,7,8.02,3,8,2,Dindigul
September,3,71.4,Pf,indigenious,FALSE,FALSE,FALSE,TRUE,93.6,85.94,79.7,75.12,139.15,7,8.02,3,9,1,Tiruvannamalai
September,4,71.4,Pv,indigenious,FALSE,TRUE,FALSE,FALSE,93.6,85.94,79.7,75.12,139.15,7,8.02,5,9,1,Ramanathapuram
October,1,77.1,Pv,imported,TRUE,FALSE,FALSE,FALSE,90.13,83.65,77.68,75.13,293.21,7,5.96,5,2,0,Chengalpattu
October,2,77.1,Pf,imported,FALSE,FALSE,TRUE,FALSE,90.13,83.65,77.68,75.13,293.21,7,5.96,1,3,1,Tambaram
October,3,77.1,Pf,indigenious,FALSE,FALSE,FALSE,TRUE,90.13,83.65,77.68,75.13,293.21,7,5.96,5,10,0,Villupuram
October,4,77.1,Pf,indigenious,FALSE,FALSE,FALSE,TRUE,90.13,83.65,77.68,75.13,293.21,7,5.96,2,8,0,Nagercoil
November,1,80,Pf,indigenious,FALSE,FALSE,FALSE,TRUE,88,81.76,75.97,74.58,379.6,9,6.25,4,7,2,Krishnagiri
November,2,80,Pv,indigenious,FALSE,TRUE,FALSE,FALSE,88,81.76,75.97,74.58,379.6,9,6.25,3,8,0,Erode
November,3,80,Pf,imported,FALSE,FALSE,TRUE,FALSE,88,81.76,75.97,74.58,379.6,9,6.25,2,0,0,Tirupur
November,4,80,Pf,indigenious,FALSE,FALSE,FALSE,TRUE,88,81.76,75.97,74.58,379.6,9,6.25,4,4,1,Hosur
December,1,78.6,Pv,imported,TRUE,FALSE,FALSE,FALSE,85.71,79.6,73.94,71.99,78.1,2,6.19,3,2,2,Salem
December,2,78.6,Pv,indigenious,FALSE,TRUE,FALSE,FALSE,85.71,79.6,73.94,71.99,78.1,2,6.19,5,7,3,Cuddalore
December,3,78.6,Pf,imported,FALSE,FALSE,TRUE,FALSE,85.71,79.6,73.94,71.99,78.1,2,6.19,3,7,2,Tuticorin
December,4,78.6,Pv,imported,TRUE,FALSE,FALSE,FALSE,85.71,79.6,73.94,71.99,78.1,2,6.19,2,0,0,Karur
January,1,74.5,Pf,imported,FALSE,FALSE,TRUE,FALSE,85.42,77.59,70.1,68.38,4,0,6.02,2,1,1,Dindigul
January,2,74.5,Pf,indigenious,FALSE,FALSE,FALSE,TRUE,85.42,77.59,70.1,68.38,4,0,6.02,5,1,0,Tiruvannamalai
January,3,74.5,Pf,indigenious,FALSE,FALSE,FALSE,TRUE,85.42,77.59,70.1,68.38,4,0,6.02,3,2,2,Ramanathapuram
January,4,74.5,Pf,imported,FALSE,FALSE,TRUE,FALSE,85.42,77.59,70.1,68.38,4,0,6.02,5,3,3,Chengalpattu
February,1,73.5,Pf,indigenious,FALSE,FALSE,FALSE,TRUE,90.18,82.36,74.82,72.4,13.4,1,7.15,5,3,1,Tambaram
February,2,73.5,Pf,imported,FALSE,FALSE,TRUE,FALSE,90.18,82.36,74.82,72.4,13.4,1,7.15,2,0,0,Villupuram
February,3,73.5,Pf,indigenious,FALSE,FALSE,FALSE,TRUE,90.18,82.36,74.82,72.4,13.4,1,7.15,3,1,0,Nagercoil
February,4,73.5,Pf,indigenious,FALSE,FALSE,FALSE,TRUE,90.18,82.36,74.82,72.4,13.4,1,7.15,2,3,0,Krishnagiri
March,1,69.5,Pf,imported,FALSE,FALSE,TRUE,FALSE,94.77,85.97,77.74,74.05,9.7,1,8.19,4,0,0,Erode
March,2,69.5,Pf,imported,FALSE,FALSE,TRUE,FALSE,94.77,85.97,77.74,74.05,9.7,1,8.19,5,2,1,Tirupur
March,3,69.5,Pf,indigenious,FALSE,FALSE,FALSE,TRUE,94.77,85.97,77.74,74.05,9.7,1,8.19,2,0,0,Hosur
March,4,69.5,Pv,indigenious,FALSE,TRUE,FALSE,FALSE,94.77,85.97,77.74,74.05,9.7,1,8.19,2,0,0,Salem
April,1,69.5,Pf,indigenious,FALSE,FALSE,FALSE,TRUE,98.37,89.28,82.23,77.43,0.5,0,8.43,4,2,1,Cuddalore
April,2,69.5,Pv,indigenious,FALSE,TRUE,FALSE,FALSE,98.37,89.28,82.23,77.43,0.5,0,8.43,3,0,0,Tuticorin
April,3,69.5,Pf,imported,FALSE,FALSE,TRUE,FALSE,98.37,89.28,82.23,77.43,0.5,0,8.43,3,0,0,Karur
April,4,69.5,Pf,imported,FALSE,FALSE,TRUE,FALSE,98.37,89.28,82.23,77.43,0.5,0,8.43,2,2,1,Dindigul
May,1,65.2,Pv,indigenious,FALSE,TRUE,FALSE,FALSE,103.26,92.45,85.87,78.34,16.2,1,9.96,5,3,0,Tiruvannamalai
May,2,65.2,Pv,indigenious,FALSE,TRUE,FALSE,FALSE,103.26,92.45,85.87,78.34,16.2,1,9.96,2,0,0,Ramanathapuram
May,3,65.2,Pf,imported,FALSE,FALSE,TRUE,FALSE,103.26,92.45,85.87,78.34,16.2,1,9.96,4,3,1,Chengalpattu
May,4,65.2,Pf,imported,FALSE,FALSE,TRUE,FALSE,103.26,92.45,85.87,78.34,16.2,1,9.96,4,0,0,Tambaram
June,1,58.7,Pv,imported,TRUE,FALSE,FALSE,FALSE,103.63,92.71,85.77,75.2,82.3,5,9.46,5,1,0,Villupuram
June,2,58.7,Pv,indigenious,FALSE,TRUE,FALSE,FALSE,103.63,92.71,85.77,75.2,82.3,5,9.46,5,0,0,Nagercoil
June,3,58.7,Pf,indigenious,FALSE,FALSE,FALSE,TRUE,103.63,92.71,85.77,75.2,82.3,5,9.46,5,0,0,Krishnagiri
June,4,58.7,Pf,indigenious,FALSE,FALSE,FALSE,TRUE,103.63,92.71,85.77,75.2,82.3,5,9.46,5,0,0,Erode
July,1,65.8,Pf,imported,FALSE,FALSE,TRUE,FALSE,98.26,89.05,82.29,75.24,167,4,9,5,0,0,Tirupur
July,2,65.8,Pv,imported,TRUE,FALSE,FALSE,FALSE,98.26,89.05,82.29,75.24,167,4,9,3,5,4,Hosur
July,3,65.8,Pf,imported,FALSE,FALSE,TRUE,FALSE,98.26,89.05,82.29,75.24,167,4,9,5,10,0,Salem
July,4,65.8,Pv,imported,TRUE,FALSE,FALSE,FALSE,98.26,89.05,82.29,75.24,167,4,9,2,4,1,Cuddalore
August,1,70,Pf,indigenious,FALSE,FALSE,FALSE,TRUE,96.42,88.54,81.65,77,175.6,6,9.07,3,0,0,Tuticorin
August,2,70,Pf,imported,FALSE,FALSE,TRUE,FALSE,96.42,88.54,81.65,77,175.6,6,9.07,2,0,0,Karur
August,3,70,Pv,imported,TRUE,FALSE,FALSE,FALSE,96.42,88.54,81.65,77,175.6,6,9.07,4,6,1,Dindigul
August,4,70,Pf,indigenious,FALSE,FALSE,FALSE,TRUE,96.42,88.54,81.65,77,175.6,6,9.07,3,5,1,Tiruvannamalai
September,1,74.8,Pv,imported,TRUE,FALSE,FALSE,FALSE,92.37,85.33,79.13,75.96,187.8,6,6.74,1,1,1,Ramanathapuram
September,2,74.8,Pv,imported,TRUE,FALSE,FALSE,FALSE,92.37,85.33,79.13,75.96,187.8,6,6.74,5,6,4,Chengalpattu
September,3,74.8,Pf,indigenious,FALSE,FALSE,FALSE,TRUE,92.37,85.33,79.13,75.96,187.8,6,6.74,5,8,2,Tambaram
September,4,74.8,Pf,imported,FALSE,FALSE,TRUE,FALSE,92.37,85.33,79.13,75.96,187.8,6,6.74,2,0,0,Villupuram
October,1,81.7,Pv,indigenious,FALSE,TRUE,FALSE,FALSE,89.29,83.39,77.97,76.86,330.2,11,5.28,1,3,0,Nagercoil
October,2,81.7,Pv,imported,TRUE,FALSE,FALSE,FALSE,89.29,83.39,77.97,76.86,330.2,11,5.28,5,3,1,Erode
October,3,81.7,Pf,indigenious,FALSE,FALSE,FALSE,TRUE,89.29,83.39,77.97,76.86,330.2,11,5.28,5,6,2,Tirupur
October,4,81.7,Pv,indigenious,FALSE,TRUE,FALSE,FALSE,89.29,83.39,77.97,76.86,330.2,11,5.28,5,6,4,Hosur
November,1,80,Pv,indigenious,FALSE,TRUE,FALSE,FALSE,89.33,82.63,76.87,75.4,348,10,5.59,5,6,0,Salem
November,2,80,Pf,imported,FALSE,FALSE,TRUE,FALSE,89.33,82.63,76.87,75.4,348,10,5.59,3,7,0,Cuddalore
November,3,80,Pv,indigenious,FALSE,TRUE,FALSE,FALSE,89.33,82.63,76.87,75.4,348,10,5.59,5,9,1,Tuticorin
November,4,80,Pv,imported,TRUE,FALSE,FALSE,FALSE,89.33,82.63,76.87,75.4,348,10,5.59,4,9,1,Karur
December,1,79.6,Pf,indigenious,FALSE,FALSE,FALSE,TRUE,85.94,79.65,74.26,72.48,171.7,3,5.78,4,7,2,Dindigul
December,2,79.6,Pv,indigenious,FALSE,TRUE,FALSE,FALSE,85.94,79.65,74.26,72.48,171.7,3,5.78,1,1,1,Tiruvannamalai
December,3,79.6,Pv,imported,TRUE,FALSE,FALSE,FALSE,85.94,79.65,74.26,72.48,171.7,3,5.78,3,5,3,Ramanathapuram
December,4,79.6,Pv,imported,TRUE,FALSE,FALSE,FALSE,85.94,79.65,74.26,72.48,171.7,3,5.78,5,5,5,Chengalpattu
January,1,75.2,Pv,indigenious,FALSE,TRUE,FALSE,FALSE,87.16,79.63,72.65,70.64,48.2,0,5.63,3,0,0,Tambaram
January,2,75.2,Pv,indigenious,FALSE,TRUE,FALSE,FALSE,87.16,79.63,72.65,70.64,48.2,0,5.63,3,2,2,Villupuram
January,3,75.2,Pf,imported,FALSE,FALSE,TRUE,FALSE,87.16,79.63,72.65,70.64,48.2,0,5.63,2,1,0,Nagercoil
January,4,75.2,Pf,imported,FALSE,FALSE,TRUE,FALSE,87.16,79.63,72.65,70.64,48.2,0,5.63,2,0,0,Krishnagiri
February,1,68.5,Pf,indigenious,FALSE,FALSE,FALSE,TRUE,89.07,81.27,73.17,69.42,2.7,1,6.79,1,6,0,Erode
February,2,68.5,Pv,indigenious,FALSE,TRUE,FALSE,FALSE,89.07,81.27,73.17,69.42,2.7,1,6.79,3,4,1,Tirupur
February,3,68.5,Pf,indigenious,FALSE,FALSE,FALSE,TRUE,89.07,81.27,73.17,69.42,2.7,1,6.79,3,1,0,Hosur
February,4,68.5,Pf,indigenious,FALSE,FALSE,FALSE,TRUE,89.07,81.27,73.17,69.42,2.7,1,6.79,4,0,0,Salem
March,1,69.6,Pv,indigenious,FALSE,TRUE,FALSE,FALSE,90.87,83.91,76.55,72.43,0.4,0,6.87,3,0,0,Cuddalore
March,2,69.6,Pv,imported,TRUE,FALSE,FALSE,FALSE,90.87,83.91,76.55,72.43,0.4,0,6.87,3,0,0,Tuticorin
March,3,69.6,Pf,imported,FALSE,FALSE,TRUE,FALSE,90.87,83.91,76.55,72.43,0.4,0,6.87,5,0,0,Karur
March,4,69.6,Pf,imported,FALSE,FALSE,TRUE,FALSE,90.87,83.91,76.55,72.43,0.4,0,6.87,4,4,2,Dindigul
April,1,72,Pf,indigenious,FALSE,FALSE,FALSE,TRUE,94.3,87.06,80.23,76.57,3.8,1,7.4,5,0,0,Tiruvannamalai
April,2,72,Pv,imported,TRUE,FALSE,FALSE,FALSE,94.3,87.06,80.23,76.57,3.8,1,7.4,5,0,0,Ramanathapuram
April,3,72,Pf,imported,FALSE,FALSE,TRUE,FALSE,94.3,87.06,80.23,76.57,3.8,1,7.4,2,0,0,Chengalpattu
April,4,72,Pv,indigenious,FALSE,TRUE,FALSE,FALSE,94.3,87.06,80.23,76.57,3.8,1,7.4,4,0,0,Tambaram
May,1,67.9,Pv,imported,TRUE,FALSE,FALSE,FALSE,99.65,90.72,84.03,78.1,0,0,8.45,4,0,0,Villupuram
May,2,67.9,Pf,imported,FALSE,FALSE,TRUE,FALSE,99.65,90.72,84.03,78.1,0,0,8.45,5,0,0,Nagercoil
May,3,67.9,Pf,indigenious,FALSE,FALSE,FALSE,TRUE,99.65,90.72,84.03,78.1,0,0,8.45,5,1,0,Krishnagiri
May,4,67.9,Pf,imported,FALSE,FALSE,TRUE,FALSE,99.65,90.72,84.03,78.1,0,0,8.45,3,0,0,Erode
June,1,62.6,Pv,indigenious,FALSE,TRUE,FALSE,FALSE,99.07,89.98,83.5,74.81,120.1,4,8.77,5,1,1,Tirupur
June,2,62.6,Pf,imported,FALSE,FALSE,TRUE,FALSE,99.07,89.98,83.5,74.81,120.1,4,8.77,5,0,0,Hosur
June,3,62.6,Pv,indigenious,FALSE,TRUE,FALSE,FALSE,99.07,89.98,83.5,74.81,120.1,4,8.77,3,0,0,Salem
June,4,62.6,Pv,imported,TRUE,FALSE,FALSE,FALSE,99.07,89.98,83.5,74.81,120.1,4,8.77,3,0,0,Cuddalore
July,1,76.1,Pf,indigenious,FALSE,FALSE,FALSE,TRUE,93,85.78,79.71,77.02,265.5,9,6.85,3,5,0,Tuticorin
July,2,76.1,Pf,imported,FALSE,FALSE,TRUE,FALSE,93,85.78,79.71,77.02,265.5,9,6.85,3,2,0,Karur
July,3,76.1,Pv,imported,TRUE,FALSE,FALSE,FALSE,93,85.78,79.71,77.02,265.5,9,6.85,5,4,0,Dindigul
July,4,76.1,Pf,imported,FALSE,FALSE,TRUE,FALSE,93,85.78,79.71,77.02,265.5,9,6.85,5,5,2,Tiruvannamalai
August,1,71.9,Pv,indigenious,FALSE,TRUE,FALSE,FALSE,92.48,85.79,80.29,75.35,163.7,3,7.12,4,2,0,Ramanathapuram
August,2,71.9,Pf,indigenious,FALSE,FALSE,FALSE,TRUE,92.48,85.79,80.29,75.35,163.7,3,7.12,1,4,0,Chengalpattu
August,3,71.9,Pf,imported,FALSE,FALSE,TRUE,FALSE,92.48,85.79,80.29,75.35,163.7,3,7.12,2,5,1,Tambaram
August,4,71.9,Pf,indigenious,FALSE,FALSE,FALSE,TRUE,92.48,85.79,80.29,75.35,163.7,3,7.12,1,1,1,Villupuram
September,1,75.8,Pv,imported,TRUE,FALSE,FALSE,FALSE,90.9,83.8,78.27,74.91,269.2,15,6.5,1,8,2,Nagercoil
September,2,75.8,Pf,indigenious,FALSE,FALSE,FALSE,TRUE,90.9,83.8,78.27,74.91,269.2,15,6.5,5,5,3,Krishnagiri
September,3,75.8,Pv,indigenious,FALSE,TRUE,FALSE,FALSE,90.9,83.8,78.27,74.91,269.2,15,6.5,3,9,1,Erode
September,4,75.8,Pf,imported,FALSE,FALSE,TRUE,FALSE,90.9,83.8,78.27,74.91,269.2,15,6.5,5,6,1,Tirupur
October,1,76.1,Pf,indigenious,FALSE,FALSE,FALSE,TRUE,90.84,84,78.77,75.01,211.6,9,5.72,3,10,0,Hosur
October,2,76.1,Pv,indigenious,FALSE,TRUE,FALSE,FALSE,90.84,84,78.77,75.01,211.6,9,5.72,5,6,2,Salem
October,3,76.1,Pf,imported,FALSE,FALSE,TRUE,FALSE,90.84,84,78.77,75.01,211.6,9,5.72,2,0,0,Cuddalore
October,4,76.1,Pv,indigenious,FALSE,TRUE,FALSE,FALSE,90.84,84,78.77,75.01,211.6,9,5.72,2,9,1,Tuticorin
November,1,85,Pv,imported,TRUE,FALSE,FALSE,FALSE,87.57,81.16,75.83,75.91,548.8,12,6.43,1,2,1,Karur
November,2,85,Pf,indigenious,FALSE,FALSE,FALSE,TRUE,87.57,81.16,75.83,75.91,548.8,12,6.43,5,6,3,Dindigul
November,3,85,Pf,indigenious,FALSE,FALSE,FALSE,TRUE,87.57,81.16,75.83,75.91,548.8,12,6.43,3,3,1,Tiruvannamalai
November,4,85,Pv,indigenious,FALSE,TRUE,FALSE,FALSE,87.57,81.16,75.83,75.91,548.8,12,6.43,3,7,2,Ramanathapuram
December,1,80.3,Pf,imported,FALSE,FALSE,TRUE,FALSE,86.61,80.19,74.77,73.17,312.4,8,5.86,2,0,0,Chengalpattu
December,2,80.3,Pf,imported,FALSE,FALSE,TRUE,FALSE,86.61,80.19,74.77,73.17,312.4,8,5.86,5,8,2,Tambaram
December,3,80.3,Pf,indigenious,FALSE,FALSE,FALSE,TRUE,86.61,80.19,74.77,73.17,312.4,8,5.86,3,7,1,Villupuram
December,4,80.3,Pv,indigenious,FALSE,TRUE,FALSE,FALSE,86.61,80.19,74.77,73.17,312.4,8,5.86,5,8,2,Nagercoil
January,1,80,Pv,imported,TRUE,FALSE,FALSE,FALSE,85.9,79.42,73.87,72.28,162.6,2,5.14,1,5,1,Krishnagiri
January,2,80,Pv,indigenious,FALSE,TRUE,FALSE,FALSE,85.9,79.42,73.87,72.28,162.6,2,5.14,4,0,0,Erode
January,3,80,Pv,imported,TRUE,FALSE,FALSE,FALSE,85.9,79.42,73.87,72.28,162.6,2,5.14,2,1,0,Tirupur
January,4,80,Pv,indigenious,FALSE,TRUE,FALSE,FALSE,85.9,79.42,73.87,72.28,162.6,2,5.14,2,1,1,Hosur
February,1,69.8,Pf,imported,FALSE,FALSE,TRUE,FALSE,86.5,78.18,70.39,66.92,31.5,1,5.67,3,1,0,Salem
February,2,69.8,Pf,imported,FALSE,FALSE,TRUE,FALSE,86.5,78.18,70.39,66.92,31.5,1,5.67,5,4,1,Cuddalore
February,3,69.8,Pf,imported,FALSE,FALSE,TRUE,FALSE,86.5,78.18,70.39,66.92,31.5,1,5.67,5,3,2,Tuticorin
February,4,69.8,Pf,imported,FALSE,FALSE,TRUE,FALSE,86.5,78.18,70.39,66.92,31.5,1,5.67,4,4,0,Dindigul
March,1,70.3,Pv,indigenious,FALSE,TRUE,FALSE,FALSE,91.77,82.38,74.45,70.96,0,0,4.99,5,3,2,Tiruvannamalai
March,2,70.3,Pv,imported,TRUE,FALSE,FALSE,FALSE,91.77,82.38,74.45,70.96,0,0,4.99,3,0,0,Ramanathapuram
March,3,70.3,Pv,indigenious,FALSE,TRUE,FALSE,FALSE,91.77,82.38,74.45,70.96,0,0,4.99,5,2,1,Chengalpattu
March,4,70.3,Pf,indigenious,FALSE,FALSE,FALSE,TRUE,91.77,82.38,74.45,70.96,0,0,4.99,1,1,0,Tambaram
April,1,70.1,Pv,imported,TRUE,FALSE,FALSE,FALSE,94.57,85.71,74.17,74.37,23.5,1,6.67,4,2,1,Villupuram
April,2,70.1,Pf,imported,FALSE,FALSE,TRUE,FALSE,94.57,85.71,74.17,74.37,23.5,1,6.67,4,4,1,Nagercoil
April,3,70.1,Pf,indigenious,FALSE,FALSE,FALSE,TRUE,94.57,85.71,74.17,74.37,23.5,1,6.67,3,0,0,Krishnagiri
April,4,70.1,Pv,imported,TRUE,FALSE,FALSE,FALSE,94.57,85.71,74.17,74.37,23.5,1,6.67,1,0,0,Erode
May,1,65.8,Pf,indigenious,FALSE,FALSE,FALSE,TRUE,95.71,86.93,79.77,73.6,100,2,8.08,5,1,0,Tirupur
May,2,65.8,Pf,indigenious,FALSE,FALSE,FALSE,TRUE,95.71,86.93,79.77,73.6,100,2,8.08,3,0,0,Hosur
May,3,65.8,Pf,imported,FALSE,FALSE,TRUE,FALSE,95.71,86.93,79.77,73.6,100,2,8.08,3,0,0,Salem
May,4,65.8,Pv,indigenious,FALSE,TRUE,FALSE,FALSE,95.71,86.93,79.77,73.6,100,2,8.08,4,4,0,Cuddalore
June,1,63.1,Pf,indigenious,FALSE,FALSE,FALSE,TRUE,97.67,88.9,81.53,74.16,44.6,3,8.45,4,0,0,Tuticorin
June,2,63.1,Pv,indigenious,FALSE,TRUE,FALSE,FALSE,97.67,88.9,81.53,74.16,44.6,3,8.45,3,2,0,Karur
June,3,63.1,Pf,imported,FALSE,FALSE,TRUE,FALSE,97.67,88.9,81.53,74.16,44.6,3,8.45,1,1,1,Dindigul
June,4,63.1,Pf,imported,FALSE,FALSE,TRUE,FALSE,97.67,88.9,81.53,74.16,44.6,3,8.45,1,0,0,Tiruvannamalai
July,1,68.9,Pf,indigenious,FALSE,FALSE,FALSE,TRUE,94.97,87.02,80.19,75.03,113.4,4,7.28,3,0,0,Ramanathapuram
July,2,68.9,Pv,indigenious,FALSE,TRUE,FALSE,FALSE,94.97,87.02,80.19,75.03,113.4,4,7.28,2,4,2,Chengalpattu
July,3,68.9,Pv,indigenious,FALSE,TRUE,FALSE,FALSE,94.97,87.02,80.19,75.03,113.4,4,7.28,3,1,0,Tambaram
July,4,68.9,Pv,indigenious,FALSE,TRUE,FALSE,FALSE,94.97,87.02,80.19,75.03,113.4,4,7.28,4,7,3,Villupuram
August,1,69.9,Pf,imported,FALSE,FALSE,TRUE,FALSE,94.55,86.88,80.06,75.39,67,1,6.77,5,4,2,Nagercoil
August,2,69.9,Pv,imported,TRUE,FALSE,FALSE,FALSE,94.55,86.88,80.06,75.39,67,1,6.77,5,6,3,Krishnagiri
August,3,69.9,Pf,imported,FALSE,FALSE,TRUE,FALSE,94.55,86.88,80.06,75.39,67,1,6.77,3,5,1,Erode
August,4,69.9,Pv,imported,TRUE,FALSE,FALSE,FALSE,94.55,86.88,80.06,75.39,67,1,6.77,5,8,2,Tirupur
September,1,71.7,Pf,imported,FALSE,FALSE,TRUE,FALSE,94.2,86.18,77.5,75.62,31.7,1,7,5,9,1,Hosur
September,2,71.7,Pv,imported,TRUE,FALSE,FALSE,FALSE,94.2,86.18,77.5,75.62,31.7,1,7,5,3,1,Salem
September,3,71.7,Pf,indigenious,FALSE,FALSE,FALSE,TRUE,94.2,86.18,77.5,75.62,31.7,1,7,4,1,0,Cuddalore
September,4,71.7,Pf,imported,FALSE,FALSE,TRUE,FALSE,94.2,86.18,77.5,75.62,31.7,1,7,3,3,2,Tuticorin
October,1,78,Pv,imported,TRUE,FALSE,FALSE,FALSE,91.74,84.49,74.58,76.67,79.9,1,5.05,3,7,0,Karur
October,2,78,Pf,imported,FALSE,FALSE,TRUE,FALSE,91.74,84.49,74.58,76.67,79.9,1,5.05,5,5,5,Dindigul
October,3,78,Pv,indigenious,FALSE,TRUE,FALSE,FALSE,91.74,84.49,74.58,76.67,79.9,1,5.05,4,1,1,Tiruvannamalai
October,4,78,Pv,indigenious,FALSE,TRUE,FALSE,FALSE,91.74,84.49,74.58,76.67,79.9,1,5.05,5,5,0,Ramanathapuram
November,1,89,Pv,imported,TRUE,FALSE,FALSE,FALSE,84.8,80.36,76.7,76.66,309,6,5.11,3,5,0,Chengalpattu
November,2,89,Pv,indigenious,FALSE,TRUE,FALSE,FALSE,84.8,80.36,76.7,76.66,309,6,5.11,2,7,1,Tambaram
November,3,89,Pf,imported,FALSE,FALSE,TRUE,FALSE,84.8,80.36,76.7,76.66,309,6,5.11,1,2,2,Villupuram
November,4,89,Pf,imported,FALSE,FALSE,TRUE,FALSE,84.8,80.36,76.7,76.66,309,6,5.11,5,7,3,Nagercoil
December,1,80.3,Pf,indigenious,FALSE,FALSE,FALSE,TRUE,87.74,80.39,74.58,73.28,50.1,1,5.04,3,3,1,Krishnagiri
December,2,80.3,Pv,indigenious,FALSE,TRUE,FALSE,FALSE,87.74,80.39,74.58,73.28,50.1,1,5.04,5,5,5,Erode
December,3,80.3,Pf,indigenious,FALSE,FALSE,FALSE,TRUE,87.74,80.39,74.58,73.28,50.1,1,5.04,3,2,1,Tirupur
December,4,80.3,Pv,indigenious,FALSE,TRUE,FALSE,FALSE,87.74,80.39,74.58,73.28,50.1,1,5.04,4,6,1,Hosur
January,1,83.5,Pf,indigenious,FALSE,FALSE,FALSE,TRUE,87.35,80.58,74.71,74.82,23.7,0,5.49,5,6,2,Salem
January,2,83.5,Pf,indigenious,FALSE,FALSE,FALSE,TRUE,87.35,80.58,74.71,74.82,23.7,0,5.49,4,1,0,Cuddalore
January,3,83.5,Pv,indigenious,FALSE,TRUE,FALSE,FALSE,87.35,80.58,74.71,74.82,23.7,0,5.49,5,1,0,Tuticorin
January,4,83.5,Pf,indigenious,FALSE,FALSE,FALSE,TRUE,87.35,80.58,74.71,74.82,23.7,0,5.49,5,2,1,Karur
February,1,76.6,Pf,indigenious,FALSE,FALSE,FALSE,TRUE,88.64,81,74.32,72.69,0,0,6.69,2,1,0,Dindigul
February,2,76.6,Pf,imported,FALSE,FALSE,TRUE,FALSE,88.64,81,74.32,72.69,0,0,6.69,5,2,2,Tiruvannamalai
February,3,76.6,Pf,indigenious,FALSE,FALSE,FALSE,TRUE,88.64,81,74.32,72.69,0,0,6.69,5,1,0,Ramanathapuram
February,4,76.6,Pf,imported,FALSE,FALSE,TRUE,FALSE,88.64,81,74.32,72.69,0,0,6.69,5,6,2,Chengalpattu
March,1,75.5,Pv,imported,TRUE,FALSE,FALSE,FALSE,94.61,85.4,78.71,76.26,18.8,2,7.62,3,0,0,Tambaram
March,2,75.5,Pf,indigenious,FALSE,FALSE,FALSE,TRUE,94.61,85.4,78.71,76.26,18.8,2,7.62,1,2,0,Villupuram
March,3,75.5,Pf,indigenious,FALSE,FALSE,FALSE,TRUE,94.61,85.4,78.71,76.26,18.8,2,7.62,3,2,0,Nagercoil
March,4,75.5,Pv,indigenious,FALSE,TRUE,FALSE,FALSE,94.61,85.4,78.71,76.26,18.8,2,7.62,1,0,0,Krishnagiri
April,1,78.4,Pf,imported,FALSE,FALSE,TRUE,FALSE,96.43,88.42,82.53,80.78,0,0,8.47,5,1,0,Erode
April,2,78.4,Pv,imported,TRUE,FALSE,FALSE,FALSE,96.43,88.42,82.53,80.78,0,0,8.47,5,4,2,Tirupur
April,3,78.4,Pf,imported,FALSE,FALSE,TRUE,FALSE,96.43,88.42,82.53,80.78,0,0,8.47,5,0,0,Hosur
April,4,78.4,Pf,indigenious,FALSE,FALSE,FALSE,TRUE,96.43,88.42,82.53,80.78,0,0,8.47,2,0,0,Salem
May,1,75.2,Pv,indigenious,FALSE,TRUE,FALSE,FALSE,98.45,89.39,79.81,80.11,12.3,0,9.18,5,1,1,Cuddalore
May,2,75.2,Pf,indigenious,FALSE,FALSE,FALSE,TRUE,98.45,89.39,79.81,80.11,12.3,0,9.18,5,3,0,Tuticorin
May,3,75.2,Pf,imported,FALSE,FALSE,TRUE,FALSE,98.45,89.39,79.81,80.11,12.3,0,9.18,5,2,0,Karur
May,4,75.2,Pv,imported,TRUE,FALSE,FALSE,FALSE,98.45,89.39,79.81,80.11,12.3,0,9.18,1,1,1,Dindigul
June,1,73.8,Pf,imported,FALSE,FALSE,TRUE,FALSE,97.73,89.24,82.27,79.51,16,4,9.61,1,2,0,Tiruvannamalai
June,2,73.8,Pf,imported,FALSE,FALSE,TRUE,FALSE,97.73,89.24,82.27,79.51,16,4,9.61,3,0,0,Ramanathapuram
June,3,73.8,Pv,indigenious,FALSE,TRUE,FALSE,FALSE,97.73,89.24,82.27,79.51,16,4,9.61,2,0,0,Chengalpattu
June,4,73.8,Pf,indigenious,FALSE,FALSE,FALSE,TRUE,97.73,89.24,82.27,79.51,16,4,9.61,3,0,0,Tambaram
July,1,78.4,Pf,imported,FALSE,FALSE,TRUE,FALSE,93.42,86.54,81.16,78.95,14.2,0,8.73,4,6,2,Villupuram
July,2,78.4,Pf,imported,FALSE,FALSE,TRUE,FALSE,93.42,86.54,81.16,78.95,14.2,0,8.73,3,5,1,Nagercoil
July,3,78.4,Pv,indigenious,FALSE,TRUE,FALSE,FALSE,93.42,86.54,81.16,78.95,14.2,0,8.73,4,8,2,Krishnagiri
July,4,78.4,Pf,indigenious,FALSE,FALSE,FALSE,TRUE,93.42,86.54,81.16,78.95,14.2,0,8.73,5,5,5,Erode
August,1,78.1,Pv,imported,TRUE,FALSE,FALSE,FALSE,94.13,86.61,80.42,78.7,25.5,1,8.67,5,5,2,Tirupur
August,2,78.1,Pf,imported,FALSE,FALSE,TRUE,FALSE,94.13,86.61,80.42,78.7,25.5,1,8.67,5,5,2,Hosur
August,3,78.1,Pv,imported,TRUE,FALSE,FALSE,FALSE,94.13,86.61,80.42,78.7,25.5,1,8.67,1,5,1,Salem
August,4,78.1,Pv,imported,TRUE,FALSE,FALSE,FALSE,94.13,86.61,80.42,78.7,25.5,1,8.67,1,5,0,Cuddalore
September,1,77.4,Pv,imported,TRUE,FALSE,FALSE,FALSE,93.71,87,81.33,78.68,33,1,8.17,4,9,1,Tuticorin
September,2,77.4,Pf,imported,FALSE,FALSE,TRUE,FALSE,93.71,87,81.33,78.68,33,1,8.17,3,5,5,Karur
September,3,77.4,Pv,indigenious,FALSE,TRUE,FALSE,FALSE,93.71,87,81.33,78.68,33,1,8.17,3,7,2,Dindigul
September,4,77.4,Pf,imported,FALSE,FALSE,TRUE,FALSE,93.71,87,81.33,78.68,33,1,8.17,2,1,0,Tiruvannamalai
